param_name,param_value,n,m,alpha,distribution,true_mean,seed,dame_estimate,dame_mse,dame_time,dame_backtrack_estimate,dame_backtrack_mse,dame_backtrack_time,status
alpha,0.05,10000,1000,0.05,uniform,0.1,259495031,0.010823071295109768,0.0001171374053355432,0.08933472633361816,-0.16825935895710406,0.028311234682051687,0.1833956241607666,ok
alpha,0.05,10000,1000,0.05,uniform,0.1,947380072,,nan,nan,,nan,nan,error: IndexError('list index out of range')
alpha,0.05,10000,1000,0.05,uniform,0.1,1369685350,-0.013838558375626262,0.00019150150775526381,0.09965991973876953,-0.01684954744218987,0.00028390214714753075,0.14567279815673828,ok
alpha,0.05,10000,1000,0.05,uniform,0.1,781020512,-0.0005359764485072144,2.8733041710174395e-07,0.12250351905822754,-5.81466290416421e-05,3.3875059883369064e-09,0.16902375221252441,ok
alpha,0.05,10000,1000,0.05,uniform,0.1,727841268,-0.001617264033479836,2.6158831674347755e-06,0.09469246864318848,-0.23248199525015004,0.05404792701965576,0.15355944633483887,ok
alpha,0.05,10000,1000,0.05,uniform,0.1,2028053869,0.0017793963667716228,3.1664480436029276e-06,0.10694146156311035,-0.015208553823435509,0.00023129842896782923,0.1157987117767334,ok
alpha,0.05,10000,1000,0.05,uniform,0.1,2678185529,0.009260184363789854,8.57555392017954e-05,0.09700536727905273,-0.0027519107437270402,7.5716681686075255e-06,0.11674237251281738,ok
alpha,0.05,10000,1000,0.05,uniform,0.1,4204554059,0.004944415768334991,2.444798931588656e-05,0.08129596710205078,-0.18428724999420548,0.03396176285401164,0.09537506103515625,ok
alpha,0.05,10000,1000,0.05,uniform,0.1,1051880743,0.017642523612325683,0.00031127171377398117,0.06926155090332031,-0.0007908939042709668,6.249272027294923e-07,0.09302043914794922,ok
alpha,0.05,10000,1000,0.05,uniform,0.1,2690882795,,nan,nan,,nan,nan,error: IndexError('list index out of range')
alpha,0.05,10000,1000,0.05,uniform,0.1,2320123009,0.020646265331130346,0.0004262643378779533,0.07986807823181152,-0.01090986299581291,0.00011902718952831889,0.08977794647216797,ok
alpha,0.05,10000,1000,0.05,uniform,0.1,470475814,-0.00445519854143919,1.9847635047822876e-05,0.07914328575134277,-0.005333294810459155,2.8442646104118805e-05,0.08836746215820312,ok
alpha,0.05,10000,1000,0.05,uniform,0.1,3452587823,0.0019763348750030355,3.906160918942967e-06,0.07910823822021484,-0.23581334115440322,0.05560790067936157,0.08490777015686035,ok
alpha,0.05,10000,1000,0.05,uniform,0.1,2954173373,0.022391241192257928,0.0005013656909024265,0.07432341575622559,-0.003654700645898924,1.3357161821777694e-05,0.08411431312561035,ok
alpha,0.05,10000,1000,0.05,uniform,0.1,4125618433,0.018392168461167185,0.0003382711573432731,0.07555508613586426,-0.258714387262119,0.0669331440702785,0.07843255996704102,ok
alpha,0.05,10000,1000,0.05,uniform,0.1,1472501943,-0.0023264217869403505,5.412747794374292e-06,0.07512116432189941,-0.24224709990085613,0.05868371045888519,0.0660707950592041,ok
alpha,0.05,10000,1000,0.05,uniform,0.1,1346599503,,nan,nan,,nan,nan,error: IndexError('list index out of range')
alpha,0.05,10000,1000,0.05,uniform,0.1,1989427189,,nan,nan,,nan,nan,error: IndexError('list index out of range')
alpha,0.05,10000,1000,0.05,uniform,0.1,2841777980,0.017770575458081323,0.0003157932802600657,0.06994986534118652,-0.0007499488122616823,5.62426253265116e-07,0.10745763778686523,ok
alpha,0.33214285714285713,10000,1000,0.33214285714285713,uniform,0.1,3607595641,-3.0353811513420894e-05,9.048797357092918e-10,0.09327387809753418,-0.0019923281732061628,3.968285436515015e-06,0.0666656494140625,ok
alpha,0.33214285714285713,10000,1000,0.33214285714285713,uniform,0.1,567857515,0.002619495066078773,6.862098998898835e-06,0.0807492733001709,0.006717029424604449,4.511936791743492e-05,0.09125089645385742,ok
alpha,0.05,10000,1000,0.05,uniform,0.1,2387800701,-0.035510820260734405,0.001261008203430765,0.08382630348205566,-0.34023141624775766,0.1157573193332977,0.08245658874511719,ok
alpha,0.33214285714285713,10000,1000,0.33214285714285713,uniform,0.1,3149462701,0.005599723639915095,3.1355878062818486e-05,0.08731651306152344,0.000183084594608977,3.3486406023105566e-08,0.08487510681152344,ok
alpha,0.33214285714285713,10000,1000,0.33214285714285713,uniform,0.1,839291543,0.014934837618582946,0.00022304875768942623,0.09275317192077637,3.29458551206819e-05,1.0840687009171193e-09,0.07505369186401367,ok
alpha,0.33214285714285713,10000,1000,0.33214285714285713,uniform,0.1,2965783971,-0.004378465278280899,1.9172379967545873e-05,0.09925031661987305,0.0007712728267627481,5.946113567361743e-07,0.10559725761413574,ok
alpha,0.33214285714285713,10000,1000,0.33214285714285713,uniform,0.1,3935420626,0.005838629624012136,3.409074364079394e-05,0.09674072265625,0.005808762539253309,3.3742864120629736e-05,0.11937522888183594,ok
alpha,0.33214285714285713,10000,1000,0.33214285714285713,uniform,0.1,3668915175,-0.0015828402903687597,2.505326074362094e-06,0.09740853309631348,0.004470950097095543,1.9989556653227657e-05,0.12287449836730957,ok
alpha,0.33214285714285713,10000,1000,0.33214285714285713,uniform,0.1,2878366397,0.006315440014893567,3.9885750104434216e-05,0.09975409507751465,0.0004993852514700331,2.494621403967105e-07,0.11400389671325684,ok
alpha,0.33214285714285713,10000,1000,0.33214285714285713,uniform,0.1,4158125581,0.0056830115375532154,3.229619020184769e-05,0.1090097427368164,-0.00846841932707177,7.171476655990535e-05,0.12369179725646973,ok
alpha,0.33214285714285713,10000,1000,0.33214285714285713,uniform,0.1,3722008050,0.008407154152623527,7.067806554610875e-05,0.10096931457519531,-0.005154416091096343,2.6569339002193832e-05,0.10013628005981445,ok
alpha,0.33214285714285713,10000,1000,0.33214285714285713,uniform,0.1,1297834098,-0.009254308993393082,8.563975419714241e-05,0.10845303535461426,-0.01468644229940488,0.0002156876504951996,0.12350177764892578,ok
alpha,0.33214285714285713,10000,1000,0.33214285714285713,uniform,0.1,3690036118,0.009943266887602614,9.886909385113195e-05,0.1141350269317627,0.014757318144530908,0.00021777923648047797,0.10392570495605469,ok
alpha,0.33214285714285713,10000,1000,0.33214285714285713,uniform,0.1,4147998539,-0.012639909941783226,0.00015976635831190674,0.10524511337280273,-0.006567131947591824,4.3126720634215583e-05,0.09971880912780762,ok
alpha,0.33214285714285713,10000,1000,0.33214285714285713,uniform,0.1,1671550611,-0.004829200834327138,2.3321607462290125e-05,0.10503864288330078,-0.006874596671129781,4.726068690873233e-05,0.09055209159851074,ok
alpha,0.33214285714285713,10000,1000,0.33214285714285713,uniform,0.1,1331297472,-0.00677050872081979,4.5841171232938375e-05,0.08225655555725098,-0.0008561214585109635,7.33118825896907e-07,0.09540057182312012,ok
alpha,0.33214285714285713,10000,1000,0.33214285714285713,uniform,0.1,3425846353,-0.0004104489750592276,1.6855997875749325e-07,0.08063817024230957,0.004350063030492374,1.8922077522184523e-05,0.10577034950256348,ok
alpha,0.33214285714285713,10000,1000,0.33214285714285713,uniform,0.1,2932353902,-0.004663413222260849,2.1748781065549873e-05,0.07861971855163574,-0.00615689372093227,3.7909133433008396e-05,0.08741521835327148,ok
alpha,0.33214285714285713,10000,1000,0.33214285714285713,uniform,0.1,2785251670,-0.02612749449396846,0.000682646855056679,0.07085442543029785,0.0004642158345205637,2.154805901416911e-07,0.06860661506652832,ok
alpha,0.33214285714285713,10000,1000,0.33214285714285713,uniform,0.1,3366929965,-0.011461806100160116,0.00013136980446466388,0.07326960563659668,-0.004947964314982354,2.4480971786083423e-05,0.08749556541442871,ok
alpha,0.33214285714285713,10000,1000,0.33214285714285713,uniform,0.1,2118991218,-0.012134083378034803,0.00014723625987502184,0.06863284111022949,0.002529168448354961,6.396634584718259e-06,0.08181262016296387,ok
alpha,0.6142857142857143,10000,1000,0.6142857142857143,uniform,0.1,1820881438,0.002071030449375737,4.288682305864866e-06,0.09647774696350098,0.0013493486088974969,1.8204257983202502e-06,0.10045504570007324,ok
alpha,0.6142857142857143,10000,1000,0.6142857142857143,uniform,0.1,2165663450,-0.009560906971366172,9.141263578016083e-05,0.07587122917175293,0.004072687346176656,1.658606077547077e-05,0.09639215469360352,ok
alpha,0.6142857142857143,10000,1000,0.6142857142857143,uniform,0.1,3185495976,-0.0012944424745585058,1.6756219486069125e-06,0.09209227561950684,0.000995028984407687,9.900514492724003e-07,0.08646392822265625,ok
alpha,0.6142857142857143,10000,1000,0.6142857142857143,uniform,0.1,3689975065,-0.007706454662647218,5.939009618774984e-05,0.08828496932983398,-0.0008786480331210935,7.720967873154057e-07,0.0841376781463623,ok
alpha,0.6142857142857143,10000,1000,0.6142857142857143,uniform,0.1,1167967466,-0.006920497706236063,4.7893775367787225e-05,0.0684976577758789,-0.00201247830003313,4.050210489376098e-06,0.06686282157897949,ok
alpha,0.6142857142857143,10000,1000,0.6142857142857143,uniform,0.1,4198392232,0.012459746955694935,0.00015524715366093238,0.0695044994354248,-0.00836943847350446,7.004625133734842e-05,0.0918271541595459,ok
alpha,0.6142857142857143,10000,1000,0.6142857142857143,uniform,0.1,1441505965,-0.0005782643923236834,3.341542495801093e-07,0.07671284675598145,-0.0024265774362763285,5.887289867267842e-06,0.08765339851379395,ok
alpha,0.6142857142857143,10000,1000,0.6142857142857143,uniform,0.1,3848499095,0.010399109050021666,0.0001081407944748215,0.07587313652038574,0.004656175020201218,2.167966378703623e-05,0.07102060317993164,ok
alpha,0.6142857142857143,10000,1000,0.6142857142857143,uniform,0.1,3708029225,0.004704938408245959,2.213621475008372e-05,0.0962986946105957,0.0049350505169777166,2.4354481647774393e-05,0.1138911247253418,ok
alpha,0.6142857142857143,10000,1000,0.6142857142857143,uniform,0.1,4099314454,0.007932366826405763,6.291948342117649e-05,0.09687042236328125,-0.005975192985957484,3.5705160987615536e-05,0.10828208923339844,ok
alpha,0.6142857142857143,10000,1000,0.6142857142857143,uniform,0.1,3443082061,0.008664290184480799,7.506904301002796e-05,0.09614920616149902,0.0011329322496142205,1.2834202348469324e-06,0.10935401916503906,ok
alpha,0.6142857142857143,10000,1000,0.6142857142857143,uniform,0.1,2252834183,0.004973849532430237,2.4739505915943485e-05,0.09821677207946777,-0.004244901107641705,1.801890655742602e-05,0.0983738899230957,ok
alpha,0.6142857142857143,10000,1000,0.6142857142857143,uniform,0.1,1243093914,-0.004963171858862195,2.4629291717555213e-05,0.07998061180114746,0.009462528611139177,8.954666096138832e-05,0.08156800270080566,ok
alpha,0.6142857142857143,10000,1000,0.6142857142857143,uniform,0.1,1684010960,0.01256250480080713,0.00015781089295014195,0.06616854667663574,-0.0053764301597225145,2.890841250764391e-05,0.08430790901184082,ok
alpha,0.6142857142857143,10000,1000,0.6142857142857143,uniform,0.1,17633407,0.00206353311174598,4.258264177104542e-06,0.0780186653137207,0.003556427882861454,1.2648343486760981e-05,0.06611275672912598,ok
alpha,0.6142857142857143,10000,1000,0.6142857142857143,uniform,0.1,3743994401,-0.003694841579768778,1.3651386842968283e-05,0.06755781173706055,0.0001067536832179985,1.1409859048088882e-08,0.08412408828735352,ok
alpha,0.6142857142857143,10000,1000,0.6142857142857143,uniform,0.1,2857014511,-0.01126751808808337,0.00012695557589438,0.09070301055908203,-0.00628693622020503,3.95247925925808e-05,0.10080981254577637,ok
alpha,0.6142857142857143,10000,1000,0.6142857142857143,uniform,0.1,886006139,0.0002654428290461539,7.04828744597887e-08,0.0933539867401123,0.005767677645378456,3.326660468094174e-05,0.10784387588500977,ok
alpha,0.6142857142857143,10000,1000,0.6142857142857143,uniform,0.1,2260294147,0.0012991133349600067,1.6876510872113708e-06,0.07123947143554688,-0.012123752105777505,0.00014698577919945233,0.07580184936523438,ok
alpha,0.6142857142857143,10000,1000,0.6142857142857143,uniform,0.1,2986124634,0.011584193818832777,0.00013419251001275262,0.10401272773742676,-0.008941933289587905,7.99589709796394e-05,0.10106778144836426,ok
alpha,0.8964285714285715,10000,1000,0.8964285714285715,uniform,0.1,2769450498,-0.008470847153791672,7.175784899998022e-05,0.09933137893676758,-0.005032902626200579,2.5331652141543802e-05,0.0796356201171875,ok
alpha,0.8964285714285715,10000,1000,0.8964285714285715,uniform,0.1,159265289,-0.0006725572697144311,4.5250313860691214e-07,0.08179712295532227,0.0053520056685072625,2.864261314386932e-05,0.07883810997009277,ok
alpha,0.8964285714285715,10000,1000,0.8964285714285715,uniform,0.1,1714958982,0.0013305996989108483,1.7704496361022268e-06,0.07837224006652832,0.0046114163280860775,2.1265001397598946e-05,0.06991219520568848,ok
alpha,0.8964285714285715,10000,1000,0.8964285714285715,uniform,0.1,2344340789,0.004173814065528945,1.7420785407182426e-05,0.0657505989074707,-0.005939806175259653,3.528120980213393e-05,0.07739758491516113,ok
alpha,0.8964285714285715,10000,1000,0.8964285714285715,uniform,0.1,3309821526,0.008189583204126223,6.706915698024292e-05,0.10007667541503906,-0.000974182168126953,9.490447045622945e-07,0.11406636238098145,ok
alpha,0.8964285714285715,10000,1000,0.8964285714285715,uniform,0.1,389491436,-0.0068368301676147766,4.674099258363283e-05,0.11081671714782715,0.004490408403352228,2.016459136929527e-05,0.12042856216430664,ok
alpha,0.8964285714285715,10000,1000,0.8964285714285715,uniform,0.1,3908954905,-0.0007207562512606724,5.196390602372814e-07,0.11755204200744629,0.004329707967422451,1.8745473167104315e-05,0.11197543144226074,ok
alpha,0.8964285714285715,10000,1000,0.8964285714285715,uniform,0.1,2810882944,-0.0033395291283624218,1.1152412202058201e-05,0.12623906135559082,-0.001354177936600434,1.8337806108806139e-06,0.11616325378417969,ok
alpha,0.8964285714285715,10000,1000,0.8964285714285715,uniform,0.1,736410639,0.008195686734766743,6.717023768437015e-05,0.1004946231842041,0.001523839075860631,2.3222633998527124e-06,0.11197590827941895,ok
alpha,0.8964285714285715,10000,1000,0.8964285714285715,uniform,0.1,3875562183,0.009899774401839721,9.800425053089236e-05,0.08847427368164062,-0.002433975473926985,5.924551973928358e-06,0.0987703800201416,ok
alpha,0.8964285714285715,10000,1000,0.8964285714285715,uniform,0.1,2231998619,-0.005938446286067324,3.5265925948497614e-05,0.093841552734375,0.011299408857013662,0.00012767515323062174,0.09915494918823242,ok
alpha,0.8964285714285715,10000,1000,0.8964285714285715,uniform,0.1,2782622965,-0.007685451969210702,5.9067195249428715e-05,0.08537602424621582,0.0005428771343958893,2.9464330649773517e-07,0.09670639038085938,ok
alpha,0.8964285714285715,10000,1000,0.8964285714285715,uniform,0.1,2048140797,0.002747428892126602,7.547938109011723e-06,0.10289263725280762,0.0045076353877895065,2.0318075547686096e-05,0.09438252449035645,ok
alpha,0.8964285714285715,10000,1000,0.8964285714285715,uniform,0.1,3623886711,-0.0005978446300703832,3.573747355778791e-07,0.10485625267028809,-0.0051059905656144974,2.607076841656703e-05,0.11434030532836914,ok
alpha,0.8964285714285715,10000,1000,0.8964285714285715,uniform,0.1,370243791,0.010511528047889789,0.00011049437258531265,0.08474993705749512,0.000716770526333224,5.139066501330674e-07,0.10081219673156738,ok
alpha,0.8964285714285715,10000,1000,0.8964285714285715,uniform,0.1,66254125,0.0015144968750265505,2.293822986735243e-06,0.0981149673461914,-0.0023392114795978292,5.471721603284291e-06,0.08896422386169434,ok
alpha,0.8964285714285715,10000,1000,0.8964285714285715,uniform,0.1,913633422,0.006751072270172003,4.5576068914238586e-05,0.07529687881469727,0.0041910085995478154,1.756398947720115e-05,0.0694577693939209,ok
alpha,0.8964285714285715,10000,1000,0.8964285714285715,uniform,0.1,1954861691,-0.002144034091426883,4.595538303626093e-06,0.07493734359741211,0.007451296862177132,5.552649584429367e-05,0.06425881385803223,ok
alpha,0.8964285714285715,10000,1000,0.8964285714285715,uniform,0.1,2710776288,0.005951342577552898,3.5417510531807784e-05,0.08013296127319336,0.006537565146045396,4.2738694749614267e-05,0.06711602210998535,ok
alpha,0.8964285714285715,10000,1000,0.8964285714285715,uniform,0.1,2977201051,0.0056843268063753736,3.2311845963872795e-05,0.08104562759399414,0.0021657898143323095,4.69075019234605e-06,0.13016676902770996,ok
alpha,1.1785714285714286,10000,1000,1.1785714285714286,uniform,0.1,2556468550,0.0014893077542811662,2.2185357499047853e-06,0.08489513397216797,-0.00870242446323715,7.572928083011997e-05,0.09307241439819336,ok
alpha,1.1785714285714286,10000,1000,1.1785714285714286,uniform,0.1,2003409182,0.00924624048369698,8.549357330132822e-05,0.09669756889343262,0.0040413401993774755,1.633269732179029e-05,0.11446738243103027,ok
alpha,1.1785714285714286,10000,1000,1.1785714285714286,uniform,0.1,2607385473,0.0039748622006619575,1.5800723878069934e-05,0.09995627403259277,0.0018094130091371576,3.274519141088813e-06,0.10725259780883789,ok
alpha,1.1785714285714286,10000,1000,1.1785714285714286,uniform,0.1,3890968778,-0.003680709935061049,1.3547846424259381e-05,0.0848548412322998,-0.0013308533825959344,1.7712505616926345e-06,0.11267924308776855,ok
alpha,1.1785714285714286,10000,1000,1.1785714285714286,uniform,0.1,1626999094,-0.0027124012038046183,7.357146976148735e-06,0.10143470764160156,-0.002512254959060056,6.311449695948381e-06,0.11570549011230469,ok
alpha,1.1785714285714286,10000,1000,1.1785714285714286,uniform,0.1,1466082943,0.013679866142286674,0.00018713647845824486,0.0998079776763916,-0.0038696432053050736,1.4974777611804926e-05,0.1172797679901123,ok
alpha,1.1785714285714286,10000,1000,1.1785714285714286,uniform,0.1,4246959534,0.010704643082948499,0.00011459297929031311,0.08853578567504883,-0.0003064424994919354,9.380409854559173e-08,0.08254885673522949,ok
alpha,1.1785714285714286,10000,1000,1.1785714285714286,uniform,0.1,2137857281,-0.002519374441449635,6.346241798737796e-06,0.09285712242126465,0.0028438344175650923,8.088529586832762e-06,0.10650205612182617,ok
alpha,1.1785714285714286,10000,1000,1.1785714285714286,uniform,0.1,164394434,-0.0018016605927329904,3.2461348466022164e-06,0.08898448944091797,0.0117528582940343,0.00013812867379013195,0.1199197769165039,ok
alpha,1.1785714285714286,10000,1000,1.1785714285714286,uniform,0.1,3672690052,0.002717314811610752,7.3838270256670524e-06,0.0943150520324707,-0.007760541239332396,6.022592253037196e-05,0.10218596458435059,ok
alpha,1.1785714285714286,10000,1000,1.1785714285714286,uniform,0.1,861671677,-0.0012293145328019421,1.5113267621836708e-06,0.09382414817810059,-0.006584010287540159,4.334979421209649e-05,0.07323002815246582,ok
alpha,1.1785714285714286,10000,1000,1.1785714285714286,uniform,0.1,3592648294,0.007540010630098112,5.6851516281750765e-05,0.0997929573059082,0.005300843854861073,2.809877402046335e-05,0.09747576713562012,ok
alpha,1.1785714285714286,10000,1000,1.1785714285714286,uniform,0.1,4219612204,0.009636391876309176,9.286053814540836e-05,0.08671331405639648,-0.0034367242146188027,1.1810898663136806e-05,0.09017014503479004,ok
alpha,1.1785714285714286,10000,1000,1.1785714285714286,uniform,0.1,2404603284,-0.013011733398689334,0.00016930486022226026,0.09758448600769043,-0.0035291935491166744,1.2455113310937663e-05,0.09099316596984863,ok
alpha,1.1785714285714286,10000,1000,1.1785714285714286,uniform,0.1,336399281,-0.0033983442321873164,1.1548715004943253e-05,0.07549071311950684,0.0025097422353005687,6.298827146922617e-06,0.07424807548522949,ok
alpha,1.1785714285714286,10000,1000,1.1785714285714286,uniform,0.1,2135266716,0.002651393164526705,7.02938682404399e-06,0.07829022407531738,-0.00576289799760153,3.32120777116431e-05,0.11581921577453613,ok
alpha,1.1785714285714286,10000,1000,1.1785714285714286,uniform,0.1,1932948813,0.00189603508209774,3.5951653120142575e-06,0.10038042068481445,0.0048769150454139,2.3784856661546897e-05,0.13245201110839844,ok
alpha,1.1785714285714286,10000,1000,1.1785714285714286,uniform,0.1,3060553201,-0.006306510081862405,3.977141562113615e-05,0.11052536964416504,0.0072204483070861985,5.213562229990061e-05,0.1262679100036621,ok
alpha,1.1785714285714286,10000,1000,1.1785714285714286,uniform,0.1,3288106415,0.0029597872248691816,8.760589809627485e-06,0.11009478569030762,-0.0005015225597522363,2.5148262147833724e-07,0.12417221069335938,ok
alpha,1.1785714285714286,10000,1000,1.1785714285714286,uniform,0.1,3779440239,0.005845927784762083,3.4175592148852024e-05,0.10979390144348145,0.005190531626101888,2.694225827157162e-05,0.09929275512695312,ok
alpha,1.4607142857142856,10000,1000,1.4607142857142856,uniform,0.1,4143800568,0.0016057335795993293,2.578344781230298e-06,0.1118021011352539,0.0005587895865475725,3.1223343173700134e-07,0.09055161476135254,ok
alpha,1.4607142857142856,10000,1000,1.4607142857142856,uniform,0.1,2834904991,-0.006717573091311929,4.5124302188368245e-05,0.08004260063171387,0.0006075952153193026,3.6930637007863047e-07,0.0898280143737793,ok
alpha,1.4607142857142856,10000,1000,1.4607142857142856,uniform,0.1,3391528270,-0.005137920996300861,2.6400933564674694e-05,0.08955836296081543,-0.003966830420464381,1.5737829268484172e-05,0.0739583969116211,ok
alpha,1.4607142857142856,10000,1000,1.4607142857142856,uniform,0.1,1422135692,-0.0006029742558787837,3.635776649601927e-07,0.07913875579833984,0.0033147159085908187,1.0987343139488212e-05,0.08211302757263184,ok
alpha,1.4607142857142856,10000,1000,1.4607142857142856,uniform,0.1,2031126715,0.00020665401490334043,4.26841468134601e-08,0.10114455223083496,0.004827072690995075,2.330012300964921e-05,0.1087043285369873,ok
alpha,1.4607142857142856,10000,1000,1.4607142857142856,uniform,0.1,3149507297,-0.005114322992952663,2.6157214865645e-05,0.097259521484375,-0.0064644358459528236,4.179008759148602e-05,0.10483407974243164,ok
alpha,1.4607142857142856,10000,1000,1.4607142857142856,uniform,0.1,3890530114,-0.004343944961925463,1.886965843967556e-05,0.08201241493225098,0.005556048348932244,3.086992828651209e-05,0.07827949523925781,ok
alpha,1.4607142857142856,10000,1000,1.4607142857142856,uniform,0.1,2063672444,-0.005202384508866125,2.7063925957882664e-05,0.07062220573425293,-0.0018953848427793315,3.5921635990543226e-06,0.07864212989807129,ok
alpha,1.4607142857142856,10000,1000,1.4607142857142856,uniform,0.1,2425126116,0.002166210427322934,4.692812082174641e-06,0.0921943187713623,0.0032400848647565397,1.0498665159927883e-05,0.08651375770568848,ok
alpha,1.4607142857142856,10000,1000,1.4607142857142856,uniform,0.1,1247563642,0.004053159097181282,1.6428283728457073e-05,0.08743739128112793,0.004286145199477511,1.837123637017696e-05,0.09254598617553711,ok
alpha,1.4607142857142856,10000,1000,1.4607142857142856,uniform,0.1,300097794,-0.005103079883457747,2.6041369587513795e-05,0.06610369682312012,-0.00520233641866953,2.7064248439461363e-05,0.07621240615844727,ok
alpha,1.4607142857142856,10000,1000,1.4607142857142856,uniform,0.1,1488112041,0.0057112040061476806,3.26179182245187e-05,0.08371448516845703,0.0017062630767781142,2.9113537113037775e-06,0.08422732353210449,ok
alpha,1.4607142857142856,10000,1000,1.4607142857142856,uniform,0.1,202998311,-0.0030821265236865994,9.499113672532096e-06,0.07950973510742188,0.008216717740054677,6.751549077289209e-05,0.10569930076599121,ok
alpha,1.4607142857142856,10000,1000,1.4607142857142856,uniform,0.1,1098832502,0.0006530729355813168,4.2646254270506914e-07,0.09492659568786621,0.008754135525672047,7.663432959933639e-05,0.09226083755493164,ok
alpha,1.4607142857142856,10000,1000,1.4607142857142856,uniform,0.1,2052178470,-0.0012259623512587954,1.5035339931041379e-06,0.09388947486877441,0.011577957819362205,0.00013404391071302922,0.07683539390563965,ok
alpha,1.4607142857142856,10000,1000,1.4607142857142856,uniform,0.1,4002960246,0.0049690530929713825,2.4692059186640167e-05,0.08042097091674805,0.001051415116865803,1.1055944738859181e-06,0.09413528442382812,ok
alpha,1.4607142857142856,10000,1000,1.4607142857142856,uniform,0.1,3982048255,0.003025320922739303,9.152942293618147e-06,0.0914449691772461,-0.0040228135199514145,1.618252917375346e-05,0.09071564674377441,ok
alpha,1.4607142857142856,10000,1000,1.4607142857142856,uniform,0.1,44203601,-0.005666348970207326,3.210563644879833e-05,0.07190966606140137,0.0037834267766024897,1.4315569626959733e-05,0.09305834770202637,ok
alpha,1.4607142857142856,10000,1000,1.4607142857142856,uniform,0.1,1751252760,-0.0026655833702725197,7.103759738899806e-06,0.07086968421936035,-0.010588913296980983,0.00011211882807208657,0.08726692199707031,ok
alpha,1.4607142857142856,10000,1000,1.4607142857142856,uniform,0.1,2344988326,0.0052324276604627015,2.7380982053727688e-05,0.08793926239013672,-0.0031547151160208836,9.950610046015768e-06,0.07750940322875977,ok
alpha,1.7428571428571429,10000,1000,1.7428571428571429,uniform,0.1,2267512913,0.00636737885272868,4.0542744712045055e-05,0.0768592357635498,0.0035329244008851447,1.2481128289322426e-05,0.11319255828857422,ok
alpha,1.7428571428571429,10000,1000,1.7428571428571429,uniform,0.1,3061428546,0.0013901272840807929,1.9324632727993233e-06,0.10195612907409668,0.005070118892683978,2.5706139894912482e-05,0.10117101669311523,ok
alpha,1.7428571428571429,10000,1000,1.7428571428571429,uniform,0.1,2395104275,-0.0008599523089023404,7.39455799088038e-07,0.07654118537902832,-0.0018295522802719416,3.347129268258723e-06,0.08212709426879883,ok
alpha,1.7428571428571429,10000,1000,1.7428571428571429,uniform,0.1,1000073880,0.0070105913137032735,4.9148842171053344e-05,0.07696747779846191,-0.0016417798745664925,2.695335398804457e-06,0.10293459892272949,ok
alpha,1.7428571428571429,10000,1000,1.7428571428571429,uniform,0.1,2608765024,0.0055334493638893355,3.061986745689966e-05,0.08780193328857422,0.005204911415276832,2.7091860604756345e-05,0.09298920631408691,ok
alpha,1.7428571428571429,10000,1000,1.7428571428571429,uniform,0.1,3790104586,-0.00607475858384023,3.6904093047552395e-05,0.08381485939025879,0.008711893436343099,7.58950778049973e-05,0.08785152435302734,ok
alpha,1.7428571428571429,10000,1000,1.7428571428571429,uniform,0.1,1814733653,0.002296637933706067,5.274859645393396e-06,0.07328200340270996,0.0029269092100825045,8.567197499306408e-06,0.09496092796325684,ok
alpha,1.7428571428571429,10000,1000,1.7428571428571429,uniform,0.1,1406957998,-0.0016611755521284014,2.7594375047863963e-06,0.08060455322265625,-0.009532146405554404,9.086143229897594e-05,0.08624482154846191,ok
alpha,1.7428571428571429,10000,1000,1.7428571428571429,uniform,0.1,3389141757,0.0003212621472594704,1.0319695318484376e-07,0.1076192855834961,-0.0005251668385066898,2.7582050252701936e-07,0.10515308380126953,ok
alpha,1.7428571428571429,10000,1000,1.7428571428571429,uniform,0.1,4205173290,-0.00736943514099676,5.430545066210516e-05,0.08633041381835938,0.0075505577319939995,5.701412256163592e-05,0.11025571823120117,ok
alpha,1.7428571428571429,10000,1000,1.7428571428571429,uniform,0.1,3345600729,-0.0032816645975023307,1.0769596667130908e-05,0.10071277618408203,-0.00071245569877006,5.076526396657701e-07,0.08530974388122559,ok
alpha,1.7428571428571429,10000,1000,1.7428571428571429,uniform,0.1,2690101446,-0.004006191036201946,1.6049352005055484e-05,0.0888054370880127,0.0005063830429489056,2.564509141659547e-07,0.10335564613342285,ok
alpha,1.7428571428571429,10000,1000,1.7428571428571429,uniform,0.1,1222897894,-0.003507101992227017,1.2300484085108327e-05,0.09204411506652832,-0.0022069830011379344,4.871226871750186e-06,0.08759284019470215,ok
alpha,1.7428571428571429,10000,1000,1.7428571428571429,uniform,0.1,617762685,-0.002695219543229038,7.264674120330908e-06,0.07432818412780762,0.0005054760829012907,2.5541873294715817e-07,0.08337521553039551,ok
alpha,1.7428571428571429,10000,1000,1.7428571428571429,uniform,0.1,4101303619,0.004261027064447302,1.815618407049298e-05,0.07056665420532227,0.004921065799575829,2.42166950728848e-05,0.06966686248779297,ok
alpha,1.7428571428571429,10000,1000,1.7428571428571429,uniform,0.1,3125136315,0.008075258164862946,6.520819745841585e-05,0.07772374153137207,-0.005670361593289426,3.2154121991421085e-05,0.09324407577514648,ok
alpha,1.7428571428571429,10000,1000,1.7428571428571429,uniform,0.1,285778481,0.010269392406016261,0.00010545926203937713,0.08069729804992676,0.001256124871769443,1.5777080100437812e-06,0.1018834114074707,ok
alpha,1.7428571428571429,10000,1000,1.7428571428571429,uniform,0.1,3800968107,-0.0031579920173909915,9.972766270075224e-06,0.09514093399047852,0.00045724502766391115,2.090943451963061e-07,0.11288905143737793,ok
alpha,1.7428571428571429,10000,1000,1.7428571428571429,uniform,0.1,4253698565,-0.0003991591485403941,1.5912558872458145e-07,0.08227849006652832,-0.0006323305370047309,3.995211783441191e-07,0.10095024108886719,ok
alpha,1.7428571428571429,10000,1000,1.7428571428571429,uniform,0.1,1635216484,0.002745376885682389,7.537355343373599e-06,0.07165932655334473,-0.0024024881970616512,5.771721052738022e-06,0.08635902404785156,ok
alpha,2.025,10000,1000,2.025,uniform,0.1,316088587,0.0007305208333475209,5.336030764856547e-07,0.07704520225524902,0.00511438867497492,2.6156568170513606e-05,0.09486627578735352,ok
alpha,2.025,10000,1000,2.025,uniform,0.1,2132000252,-0.003659741364412297,1.3393001182835844e-05,0.07228398323059082,-0.003063646540778695,9.385339395825193e-06,0.08510136604309082,ok
alpha,2.025,10000,1000,2.025,uniform,0.1,4279644526,0.002360800880573671,5.573133746923199e-06,0.0806114673614502,-0.002314100548785319,5.355303519053304e-06,0.08456802368164062,ok
alpha,2.025,10000,1000,2.025,uniform,0.1,783200138,0.0003092688118512582,9.561237063086789e-08,0.08059835433959961,0.004104727157015913,1.6848322753445083e-05,0.09773564338684082,ok
alpha,2.025,10000,1000,2.025,uniform,0.1,2546740465,0.0018939022733439079,3.5871143478470054e-06,0.0807948112487793,-0.012958747939631693,0.00016792744768809068,0.08844590187072754,ok
alpha,2.025,10000,1000,2.025,uniform,0.1,384316860,0.0037487491374340828,1.4053127070250166e-05,0.09566092491149902,-0.0008987838664590396,8.078107663513131e-07,0.08603405952453613,ok
alpha,2.025,10000,1000,2.025,uniform,0.1,3327421938,0.0025020823028811087,6.2603093744112365e-06,0.09045124053955078,-0.00891502146642139,7.947798712708535e-05,0.10686373710632324,ok
alpha,2.025,10000,1000,2.025,uniform,0.1,2552346084,-0.000704682772231056,4.969193339165273e-07,0.09493041038513184,-0.00506552866951259,2.566203534636743e-05,0.0923008918762207,ok
alpha,2.025,10000,1000,2.025,uniform,0.1,2909289209,-0.0005034399179471439,2.5352571272343277e-07,0.07092523574829102,0.0008054013690457378,6.485530555600032e-07,0.07793712615966797,ok
alpha,2.025,10000,1000,2.025,uniform,0.1,610180238,-0.004045159789650677,1.636386917526169e-05,0.07443881034851074,0.010034041649441171,0.00010068062396044934,0.08075833320617676,ok
alpha,2.025,10000,1000,2.025,uniform,0.1,1551034745,0.004231824686005793,1.79073178303976e-05,0.0695810317993164,0.006882024969838213,4.736060508668893e-05,0.07456207275390625,ok
alpha,2.025,10000,1000,2.025,uniform,0.1,1781338105,0.006760633520412022,4.570653874200108e-05,0.07436442375183105,-0.0003473035430898596,1.206005828602896e-07,0.08090424537658691,ok
alpha,2.025,10000,1000,2.025,uniform,0.1,1762075334,0.0012156979445889888,1.4773449757283116e-06,0.08590888977050781,0.0019428335160610077,3.7736806934487717e-06,0.09427618980407715,ok
alpha,2.025,10000,1000,2.025,uniform,0.1,1262367782,-0.0050259989186755595,2.526177989447086e-05,0.09207797050476074,0.0016400635683617459,2.6894447593337046e-06,0.10705447196960449,ok
alpha,2.025,10000,1000,2.025,uniform,0.1,81623018,0.00012330330735277066,1.5242881294193377e-08,0.09693670272827148,0.005152154720454439,2.654633416828711e-05,0.09301567077636719,ok
alpha,2.025,10000,1000,2.025,uniform,0.1,3144770083,-0.0023820818133390223,5.674827369447467e-06,0.0969693660736084,0.008875838852395384,7.877860165652901e-05,0.09975147247314453,ok
alpha,2.025,10000,1000,2.025,uniform,0.1,2652987808,-0.005018161797612394,2.518129153181005e-05,0.07988882064819336,0.0008886832350886773,7.898741228976321e-07,0.09648418426513672,ok
alpha,2.025,10000,1000,2.025,uniform,0.1,794145471,0.0024088824684600375,5.802622399362548e-06,0.0787968635559082,0.004562655794256022,2.0817652981471192e-05,0.08520197868347168,ok
alpha,2.025,10000,1000,2.025,uniform,0.1,2385111280,-0.002552287454900294,6.513753341770532e-06,0.07156085968017578,-0.0023754774870559893,5.642504332106674e-06,0.08785629272460938,ok
alpha,2.025,10000,1000,2.025,uniform,0.1,3291900336,0.0002329324373654961,5.425835254114649e-08,0.07316327095031738,-0.0021500723388160584,4.622803380921327e-06,0.0861659049987793,ok
alpha,2.307142857142857,10000,1000,2.307142857142857,uniform,0.1,1299537539,0.002434880951204615,5.928611269311324e-06,0.10183167457580566,-0.0029149116140168136,8.49675039338993e-06,0.10788702964782715,ok
alpha,2.307142857142857,10000,1000,2.307142857142857,uniform,0.1,700997805,-0.005345890719390656,2.85796352458251e-05,0.10263442993164062,0.0005672741983767845,3.2168461133714643e-07,0.111724853515625,ok
alpha,2.307142857142857,10000,1000,2.307142857142857,uniform,0.1,292484253,-0.0034711026331212566,1.204803504740022e-05,0.08910489082336426,0.0009973021393378657,9.947605208872134e-07,0.09437966346740723,ok
alpha,2.307142857142857,10000,1000,2.307142857142857,uniform,0.1,1198973423,-0.002635016877720674,6.943065804591722e-06,0.08730006217956543,-0.00036393579064432493,1.3241498954880527e-07,0.10144257545471191,ok
alpha,2.307142857142857,10000,1000,2.307142857142857,uniform,0.1,2244544455,0.002584485810680565,6.6797137233421095e-06,0.0953207015991211,-0.005679820196770115,3.226003481480905e-05,0.0816342830657959,ok
alpha,2.307142857142857,10000,1000,2.307142857142857,uniform,0.1,402868865,0.0011093258068747799,1.230769119129672e-06,0.08302521705627441,-0.002240798835837368,5.020845391196106e-06,0.0862581729888916,ok
alpha,2.307142857142857,10000,1000,2.307142857142857,uniform,0.1,2646006507,0.0019474492279601579,3.7928405072140173e-06,0.09901142120361328,0.006393072605433551,4.087230311250276e-05,0.09792375564575195,ok
alpha,2.307142857142857,10000,1000,2.307142857142857,uniform,0.1,3689525694,-0.0009450366857490215,8.935138979680744e-07,0.06392478942871094,8.476315796096388e-05,7.1472149929543825e-09,0.07754850387573242,ok
alpha,2.307142857142857,10000,1000,2.307142857142857,uniform,0.1,825153116,-0.0023016879590646603,5.2978959232366545e-06,0.10206437110900879,0.00477929456428717,2.28413897915422e-05,0.1051015853881836,ok
alpha,2.307142857142857,10000,1000,2.307142857142857,uniform,0.1,2451855548,0.002918007339591376,8.515683510458492e-06,0.07988667488098145,-0.005936541100414634,3.5240655378831826e-05,0.09432458877563477,ok
alpha,2.307142857142857,10000,1000,2.307142857142857,uniform,0.1,2072859852,0.002017165998712171,4.069200072359712e-06,0.09054875373840332,0.007972595938758638,6.35632401191132e-05,0.104583740234375,ok
alpha,2.307142857142857,10000,1000,2.307142857142857,uniform,0.1,602143314,-0.004518916244491079,2.0419779064219974e-05,0.08010292053222656,-0.005875858229662982,3.452463725261894e-05,0.11793994903564453,ok
alpha,2.307142857142857,10000,1000,2.307142857142857,uniform,0.1,387289652,-0.0009971251944622915,9.943700494878233e-07,0.09508824348449707,-0.012396717130405084,0.00015367998050240484,0.12552738189697266,ok
alpha,2.307142857142857,10000,1000,2.307142857142857,uniform,0.1,416750430,0.00617649001852432,3.815202559974438e-05,0.08620405197143555,0.0024224782434169203,5.869576190599359e-06,0.11290264129638672,ok
alpha,2.307142857142857,10000,1000,2.307142857142857,uniform,0.1,3383657820,0.004174900306322556,1.7430579466019992e-05,0.09138607978820801,-4.816380281955665e-05,2.3106828213414854e-09,0.12239193916320801,ok
alpha,2.307142857142857,10000,1000,2.307142857142857,uniform,0.1,144617178,-0.0020016903489954905,4.006643600238572e-06,0.09642219543457031,-0.0033603310464794655,1.1291622195454158e-05,0.1435990333557129,ok
alpha,2.307142857142857,10000,1000,2.307142857142857,uniform,0.1,2388021675,-0.002815231484548452,7.925808567227312e-06,0.08559489250183105,-0.001732380827427069,3.0013157902951608e-06,0.11394166946411133,ok
alpha,2.307142857142857,10000,1000,2.307142857142857,uniform,0.1,2581486151,-0.006116170285825308,3.7408507013429435e-05,0.08269667625427246,-0.0001577555835282124,2.4911799293721986e-08,0.11477828025817871,ok
alpha,2.307142857142857,10000,1000,2.307142857142857,uniform,0.1,592142153,0.0017913964058996195,3.208770153477565e-06,0.08985447883605957,0.0018177469640061564,3.3038682276244063e-06,0.11034750938415527,ok
alpha,2.589285714285714,10000,1000,2.589285714285714,uniform,0.1,3668784928,-0.0007588547791836407,5.761430402491418e-07,0.08300590515136719,-0.006860146903611116,4.706416877561989e-05,0.09678316116333008,ok
alpha,2.307142857142857,10000,1000,2.307142857142857,uniform,0.1,3574014583,0.0036276005189015623,1.3159638026349566e-05,0.08245325088500977,-0.0041215265618436735,1.6986807935030347e-05,0.0856173038482666,ok
alpha,2.589285714285714,10000,1000,2.589285714285714,uniform,0.1,731682681,-0.0026583595078230686,7.068821185722307e-06,0.07955813407897949,0.007070400469592353,4.9985387774112384e-05,0.09934353828430176,ok
alpha,2.589285714285714,10000,1000,2.589285714285714,uniform,0.1,68160041,0.002254518774859352,5.082973887227988e-06,0.06395292282104492,-5.011588308666777e-05,2.508957610116466e-09,0.08714485168457031,ok
alpha,2.589285714285714,10000,1000,2.589285714285714,uniform,0.1,4049208799,-0.0041573762144065845,1.7283727915261508e-05,0.08130383491516113,-0.002270845773823464,5.156713723890288e-06,0.0865926742553711,ok
alpha,2.589285714285714,10000,1000,2.589285714285714,uniform,0.1,195428936,-0.008146262554708064,6.636378301098732e-05,0.08822870254516602,-0.00733593783422615,5.381795552618709e-05,0.11827993392944336,ok
alpha,2.589285714285714,10000,1000,2.589285714285714,uniform,0.1,3835752925,0.0020592634844986972,4.240785144317995e-06,0.08582615852355957,0.005299274886942846,2.8082878011618248e-05,0.11150169372558594,ok
alpha,2.589285714285714,10000,1000,2.589285714285714,uniform,0.1,1653229771,-0.0020416219796678308,4.167611402872182e-06,0.09765172004699707,0.00015486228296690321,2.402853762293564e-08,0.11147618293762207,ok
alpha,2.589285714285714,10000,1000,2.589285714285714,uniform,0.1,348997891,-0.0004637656692380322,2.1515475277261753e-07,0.0801239013671875,0.01118450939981572,0.00012509141403099926,0.08601570129394531,ok
alpha,2.589285714285714,10000,1000,2.589285714285714,uniform,0.1,891381198,-0.0013065988996696287,1.7070940044216661e-06,0.09089279174804688,0.0036069495021005637,1.3010379214448877e-05,0.08727359771728516,ok
alpha,2.589285714285714,10000,1000,2.589285714285714,uniform,0.1,1864751005,0.0037263252442388075,1.3886485644532153e-05,0.08237671852111816,0.004080990470802526,1.6655562868322642e-05,0.09527921676635742,ok
alpha,2.589285714285714,10000,1000,2.589285714285714,uniform,0.1,3872694805,-0.004604205436637777,2.1196045491915246e-05,0.0750577449798584,0.007839055567467475,6.145532505858081e-05,0.08664298057556152,ok
alpha,2.589285714285714,10000,1000,2.589285714285714,uniform,0.1,3816716879,0.00036107251989398777,1.3033415373615684e-07,0.06145477294921875,-0.0028423221502481455,8.079103895627058e-06,0.08720874786376953,ok
alpha,2.589285714285714,10000,1000,2.589285714285714,uniform,0.1,4275389826,0.0007083970272801412,5.016918797210372e-07,0.08604097366333008,0.006596568857226969,4.35134684468291e-05,0.09557795524597168,ok
alpha,2.589285714285714,10000,1000,2.589285714285714,uniform,0.1,3959675334,-0.0005263096602320059,2.769615149279121e-07,0.08606648445129395,0.003606528711329554,1.3007325810558128e-05,0.10602402687072754,ok
alpha,2.589285714285714,10000,1000,2.589285714285714,uniform,0.1,440163363,-0.0009987616426051732,9.971574491538884e-07,0.09390830993652344,0.004874288551231918,2.3760481965200283e-05,0.10342550277709961,ok
alpha,2.589285714285714,10000,1000,2.589285714285714,uniform,0.1,2509293977,0.0003981130837076753,1.5865004202201616e-07,0.09153437614440918,0.002449035115619488,5.998732540323238e-06,0.09556937217712402,ok
alpha,2.589285714285714,10000,1000,2.589285714285714,uniform,0.1,3880290940,0.003912427523883828,1.5308092974213174e-05,0.08430838584899902,-0.007728078683197156,5.972121732424221e-05,0.09905648231506348,ok
alpha,2.589285714285714,10000,1000,2.589285714285714,uniform,0.1,3894894854,-0.0007602362680138182,5.779900572055862e-07,0.08343076705932617,0.008192464566262273,6.711614296963407e-05,0.09943556785583496,ok
alpha,2.589285714285714,10000,1000,2.589285714285714,uniform,0.1,508729448,0.0056352414640472494,3.175678866055243e-05,0.07899188995361328,0.004663321884688672,2.1747268030296095e-05,0.07798218727111816,ok
alpha,2.589285714285714,10000,1000,2.589285714285714,uniform,0.1,1679235767,0.006806402589348858,4.63254983043131e-05,0.07508563995361328,-0.004660157264594766,2.171817348905663e-05,0.10023236274719238,ok
alpha,2.871428571428571,10000,1000,2.871428571428571,uniform,0.1,1782322949,-0.0007462077452863986,5.568424814561276e-07,0.08857917785644531,0.0005427911318563639,2.946102237936783e-07,0.11847639083862305,ok
alpha,2.871428571428571,10000,1000,2.871428571428571,uniform,0.1,3267313666,-0.0009290439084623162,8.631566896995085e-07,0.08877348899841309,-0.0012320008428037337,1.5178713041677597e-06,0.11905908584594727,ok
alpha,2.871428571428571,10000,1000,2.871428571428571,uniform,0.1,3201122094,-0.0009070063128152386,8.225894720415927e-07,0.0876011848449707,0.0005202499504495693,2.707007264676287e-07,0.10554933547973633,ok
alpha,2.871428571428571,10000,1000,2.871428571428571,uniform,0.1,2936368754,-0.00036822964890177154,1.3560224035773322e-07,0.0828394889831543,-0.00011692119278400568,1.3673475847541679e-08,0.09239363670349121,ok
alpha,2.871428571428571,10000,1000,2.871428571428571,uniform,0.1,360414428,-0.0007914735505015076,6.263802354825701e-07,0.09790444374084473,0.00477773504722477,2.282705489313777e-05,0.09930729866027832,ok
alpha,2.871428571428571,10000,1000,2.871428571428571,uniform,0.1,1804903420,-0.003490006545775822,1.218017013642038e-05,0.09685897827148438,0.0014499792571980876,2.102429689480606e-06,0.0796661376953125,ok
alpha,2.871428571428571,10000,1000,2.871428571428571,uniform,0.1,2034401684,-0.0014687832496524903,2.157358981166525e-06,0.059297800064086914,-0.000635805609144275,4.042638138227315e-07,0.0831599235534668,ok
alpha,2.871428571428571,10000,1000,2.871428571428571,uniform,0.1,2838118950,-0.006932103716947947,4.8053909898284995e-05,0.07939505577087402,0.005133105403386079,2.6348883668664378e-05,0.09856534004211426,ok
alpha,2.871428571428571,10000,1000,2.871428571428571,uniform,0.1,3219066722,-0.00391181745559509,1.5299695399982342e-05,0.09617757797241211,0.0020540812502445383,4.220625919412203e-06,0.1332848072052002,ok
alpha,2.871428571428571,10000,1000,2.871428571428571,uniform,0.1,4136975193,0.0023317514361336773,5.436955778852573e-06,0.08614706993103027,-0.0022761391142840865,5.180915650511443e-06,0.12324833869934082,ok
alpha,2.871428571428571,10000,1000,2.871428571428571,uniform,0.1,379094718,0.0008201878044060331,6.725601238509417e-07,0.07798099517822266,0.01053627167584099,0.00011101112064556069,0.10341882705688477,ok
alpha,2.871428571428571,10000,1000,2.871428571428571,uniform,0.1,840590188,0.0014826052908087713,2.197956580511149e-06,0.09762740135192871,-0.009412887929535114,8.860348687580178e-05,0.11743330955505371,ok
alpha,2.871428571428571,10000,1000,2.871428571428571,uniform,0.1,2486570497,-0.0019035478280976588,3.6239660408783694e-06,0.08802533149719238,0.003523367220627209,1.2413243510187864e-05,0.11097884178161621,ok
alpha,2.871428571428571,10000,1000,2.871428571428571,uniform,0.1,2852803971,-0.001557472753542244,2.425790669412913e-06,0.09732675552368164,0.009974126302361854,9.948275175394205e-05,0.08781051635742188,ok
alpha,2.871428571428571,10000,1000,2.871428571428571,uniform,0.1,939424304,-0.0008407237995906124,7.066801889873122e-07,0.07657623291015625,0.005255879406734287,2.762512059442965e-05,0.13391900062561035,ok
alpha,2.871428571428571,10000,1000,2.871428571428571,uniform,0.1,1945567774,0.004202732989516494,1.766328282871873e-05,0.09034395217895508,0.0007366719174093154,5.427412987902051e-07,0.08616375923156738,ok
alpha,2.871428571428571,10000,1000,2.871428571428571,uniform,0.1,1629979154,-0.003302020834308189,1.0902123603557033e-05,0.0791776180267334,0.0009203030476297274,8.47297206859884e-07,0.08937716484069824,ok
alpha,2.871428571428571,10000,1000,2.871428571428571,uniform,0.1,3261229062,0.006493461299172319,4.2162745807438025e-05,0.07955026626586914,0.002443154314109375,5.968139969770494e-06,0.11238765716552734,ok
alpha,2.871428571428571,10000,1000,2.871428571428571,uniform,0.1,315551706,3.914947101322244e-05,1.5268800769153868e-09,0.07231879234313965,-0.0025300864518775527,6.401712712434202e-06,0.10630679130554199,ok
alpha,3.1535714285714285,10000,1000,3.1535714285714285,uniform,0.1,2933360059,0.00017469190239730395,3.0434380189758245e-08,0.08477139472961426,-0.008388474452048926,7.037048621053974e-05,0.10799169540405273,ok
alpha,2.871428571428571,10000,1000,2.871428571428571,uniform,0.1,3810380059,-0.003782151701576561,1.4304907496015848e-05,0.09287381172180176,-0.0037365292741094905,1.3961884171774952e-05,0.09381222724914551,ok
alpha,3.1535714285714285,10000,1000,3.1535714285714285,uniform,0.1,53170217,0.0034757420293659537,1.2079947913870894e-05,0.08802032470703125,0.000982792753742196,9.656455777699472e-07,0.1058650016784668,ok
alpha,3.1535714285714285,10000,1000,3.1535714285714285,uniform,0.1,514027789,0.0005287368804440507,2.7960406125745164e-07,0.06958246231079102,-0.0054154769681771,2.9326967060719915e-05,0.08882808685302734,ok
alpha,3.1535714285714285,10000,1000,3.1535714285714285,uniform,0.1,1919984157,0.0006491822975137168,4.2151938503970453e-07,0.07856059074401855,0.003948124820445092,1.5588186631897542e-05,0.08998560905456543,ok
alpha,3.1535714285714285,10000,1000,3.1535714285714285,uniform,0.1,3255710565,0.0019483338938187974,3.7967558565214802e-06,0.08292436599731445,0.0046985047027593594,2.207775720963759e-05,0.0936434268951416,ok
alpha,3.1535714285714285,10000,1000,3.1535714285714285,uniform,0.1,1333218208,-0.0016999430067162757,2.8898250979028572e-06,0.08094143867492676,-0.0008093600410564,6.550726611387939e-07,0.10207915306091309,ok
alpha,3.1535714285714285,10000,1000,3.1535714285714285,uniform,0.1,2136895200,0.0006158057841164248,3.7930462994498275e-07,0.08728146553039551,0.0029123220527465417,8.482035264348932e-06,0.09870457649230957,ok
alpha,3.1535714285714285,10000,1000,3.1535714285714285,uniform,0.1,2998596691,0.0027277499176548104,7.441195364355956e-06,0.09328770637512207,0.0005831691180339715,3.402093195413677e-07,0.10390758514404297,ok
alpha,3.1535714285714285,10000,1000,3.1535714285714285,uniform,0.1,2682515406,0.0004349997826810781,1.8919499181048238e-07,0.08588004112243652,-0.006823350616858346,4.655858139909701e-05,0.10853314399719238,ok
alpha,3.1535714285714285,10000,1000,3.1535714285714285,uniform,0.1,3885469625,0.0014064356825065536,1.9785121008029623e-06,0.0946815013885498,0.005693584628114673,3.2418730670100853e-05,0.10981583595275879,ok
alpha,3.1535714285714285,10000,1000,3.1535714285714285,uniform,0.1,973247062,-0.0030304879773340953,9.184267920710742e-06,0.07562756538391113,-0.002486982198151627,6.18541736600926e-06,0.08977365493774414,ok
alpha,3.1535714285714285,10000,1000,3.1535714285714285,uniform,0.1,4270102141,0.0031381860769098247,9.849274598184223e-06,0.0643773078918457,0.0018693743712843403,3.4951936141400572e-06,0.07735705375671387,ok
alpha,3.1535714285714285,10000,1000,3.1535714285714285,uniform,0.1,268980558,-0.00035686406759415584,1.2750750325938693e-07,0.06880354881286621,0.005904377695184463,3.4859103355354e-05,0.09924793243408203,ok
alpha,3.1535714285714285,10000,1000,3.1535714285714285,uniform,0.1,1638299767,-0.004648677337328451,2.1612390602189793e-05,0.09303092956542969,0.0018782621456400225,3.526984068357411e-06,0.10039782524108887,ok
alpha,3.1535714285714285,10000,1000,3.1535714285714285,uniform,0.1,1582234959,-0.002613427841097626,6.830295774041042e-06,0.06891441345214844,-0.0020767865904113884,4.3132735451807745e-06,0.10814380645751953,ok
alpha,3.1535714285714285,10000,1000,3.1535714285714285,uniform,0.1,396906662,0.0019123074226203556,3.6573862818588495e-06,0.0795905590057373,0.0037487287348677628,1.4053881803610272e-05,0.0977931022644043,ok
alpha,3.1535714285714285,10000,1000,3.1535714285714285,uniform,0.1,2186292471,-0.003972412907368025,1.577947622978336e-05,0.08450937271118164,-0.004815338477001012,2.3186771783204787e-05,0.10678672790527344,ok
alpha,3.1535714285714285,10000,1000,3.1535714285714285,uniform,0.1,3157912102,0.0016615834466654274,2.760153389346932e-06,0.08924674987792969,-0.0049084817147252244,2.409527899140648e-05,0.10904598236083984,ok
alpha,3.1535714285714285,10000,1000,3.1535714285714285,uniform,0.1,2780719163,-0.0021567792361242254,4.65195690925048e-06,0.08152103424072266,-0.0004447615277912999,1.9786648418959214e-07,0.08797907829284668,ok
alpha,3.1535714285714285,10000,1000,3.1535714285714285,uniform,0.1,3841969846,-0.003034517812687148,9.208972139155705e-06,0.08961153030395508,-0.0024271448034359484,5.891570821989277e-06,0.08756208419799805,ok
alpha,3.4357142857142855,10000,1000,3.4357142857142855,uniform,0.1,3031521641,0.007083568806618029,5.017726434748879e-05,0.07210683822631836,-0.009063773001578266,8.215157501237831e-05,0.11677241325378418,ok
alpha,3.4357142857142855,10000,1000,3.4357142857142855,uniform,0.1,3437786620,0.0011792213849670258,1.3905997828836116e-06,0.08491849899291992,-0.004340761698468041,1.8842076999943836e-05,0.115020751953125,ok
alpha,3.4357142857142855,10000,1000,3.4357142857142855,uniform,0.1,2747561990,-0.0014448711565748335,2.0864245457584897e-06,0.08496570587158203,0.006038541276408667,3.646911432929534e-05,0.11249566078186035,ok
alpha,3.4357142857142855,10000,1000,3.4357142857142855,uniform,0.1,3029965517,0.00348744051280663,1.216201928950414e-05,0.0792393684387207,0.0006591961747734288,4.344976274835198e-07,0.12435173988342285,ok
alpha,3.4357142857142855,10000,1000,3.4357142857142855,uniform,0.1,653328058,-9.399409923518227e-05,8.812330188011922e-09,0.07994985580444336,-0.004711100523256768,2.2193336671540787e-05,0.11526131629943848,ok
alpha,3.4357142857142855,10000,1000,3.4357142857142855,uniform,0.1,3797856279,-7.224347585044265e-05,5.190274567629612e-09,0.08815431594848633,0.008541337483166793,7.29578611352348e-05,0.11438131332397461,ok
alpha,3.4357142857142855,10000,1000,3.4357142857142855,uniform,0.1,2480112896,-0.001176304224894085,1.3837532936309187e-06,0.10107588768005371,-0.0007717752167712249,5.956774433980347e-07,0.14798498153686523,ok
alpha,3.4357142857142855,10000,1000,3.4357142857142855,uniform,0.1,3877955567,-0.00046205678094283625,2.134545544616409e-07,0.08119034767150879,0.006828127933778099,4.6623950509468786e-05,0.11906599998474121,ok
alpha,3.4357142857142855,10000,1000,3.4357142857142855,uniform,0.1,2705022390,0.00037546075922909283,1.409520166426924e-07,0.08590984344482422,0.004042352489104105,1.6340411608140346e-05,0.13176774978637695,ok
alpha,3.4357142857142855,10000,1000,3.4357142857142855,uniform,0.1,4150775615,-6.729565613897628e-05,4.541785624122647e-09,0.09868121147155762,0.003265768864582386,1.0664611974938325e-05,0.1156008243560791,ok
alpha,3.4357142857142855,10000,1000,3.4357142857142855,uniform,0.1,593412277,0.0002610218922611993,6.818688054072863e-08,0.08330726623535156,0.0054236578976690035,2.9417196216013174e-05,0.10780954360961914,ok
alpha,3.4357142857142855,10000,1000,3.4357142857142855,uniform,0.1,2505444029,0.0022164470185614747,4.913604488134319e-06,0.09282946586608887,-0.007868095995814452,6.190350173056534e-05,0.10227775573730469,ok
alpha,3.4357142857142855,10000,1000,3.4357142857142855,uniform,0.1,879247699,-0.001924818372240304,3.7048372050380697e-06,0.08540201187133789,0.0001813634187890503,3.290103480204611e-08,0.11221766471862793,ok
alpha,3.4357142857142855,10000,1000,3.4357142857142855,uniform,0.1,2629708436,-0.00323676805029727,1.0476780612348533e-05,0.08353042602539062,0.014181859749176675,0.00020112464995849762,0.10181498527526855,ok
alpha,3.4357142857142855,10000,1000,3.4357142857142855,uniform,0.1,3680982796,0.0033349255740596677,1.1119930023630624e-05,0.08995223045349121,0.008634077561136835,7.454263876617455e-05,0.11315035820007324,ok
alpha,3.4357142857142855,10000,1000,3.4357142857142855,uniform,0.1,2260060097,0.004195837912167955,1.7604362384020943e-05,0.0896453857421875,-0.002077427011662417,4.316046313091439e-06,0.11571598052978516,ok
alpha,3.4357142857142855,10000,1000,3.4357142857142855,uniform,0.1,2951302783,0.002777553224103173,7.715413181198016e-06,0.07561206817626953,-0.0017422086750294263,3.0349076714504105e-06,0.1167900562286377,ok
alpha,3.4357142857142855,10000,1000,3.4357142857142855,uniform,0.1,481137401,0.0014606780867793278,2.13287524064873e-06,0.08760547637939453,5.52270175389816e-05,3.0234152957339624e-09,0.10437607765197754,ok
alpha,3.4357142857142855,10000,1000,3.4357142857142855,uniform,0.1,3222230696,-0.0002936912217002411,8.628788760318962e-08,0.0837407112121582,-0.001867014562517137,3.4859553923302536e-06,0.09302115440368652,ok
alpha,3.7178571428571425,10000,1000,3.7178571428571425,uniform,0.1,1548304997,0.0019459049806839922,3.7868726746775373e-06,0.0792703628540039,0.0034480713008756517,1.1889774202380413e-05,0.11482477188110352,ok
alpha,3.4357142857142855,10000,1000,3.4357142857142855,uniform,0.1,1041704611,-0.00041541123688434143,1.726053259624778e-07,0.0881187915802002,0.001148017762952137,1.3178374822326418e-06,0.11547613143920898,ok
alpha,3.7178571428571425,10000,1000,3.7178571428571425,uniform,0.1,1273409177,-0.0018792540502956076,3.5319468375119518e-06,0.08089375495910645,-0.0031119995856327444,9.685122748872013e-06,0.09117960929870605,ok
alpha,3.7178571428571425,10000,1000,3.7178571428571425,uniform,0.1,3504747436,0.0011553245553193284,1.3351078705596341e-06,0.09455156326293945,0.002355111700578312,5.547230002617545e-06,0.0985112190246582,ok
alpha,3.7178571428571425,10000,1000,3.7178571428571425,uniform,0.1,2349047107,0.002288501009020757,5.2372504574129734e-06,0.08008050918579102,0.003903495131297799,1.5237297419021948e-05,0.0844275951385498,ok
alpha,3.7178571428571425,10000,1000,3.7178571428571425,uniform,0.1,3875157589,-0.00010130443791913373,1.026936626406584e-08,0.08457374572753906,-0.00295153085372374,8.711731802205492e-06,0.10671830177307129,ok
alpha,3.7178571428571425,10000,1000,3.7178571428571425,uniform,0.1,3996306628,-0.0020142178015524737,4.057017047959018e-06,0.08069276809692383,-1.9078652779108965e-05,3.6346187313702887e-10,0.1310124397277832,ok
alpha,3.7178571428571425,10000,1000,3.7178571428571425,uniform,0.1,4106268225,-0.0006661177453381856,4.4368192785521726e-07,0.09283971786499023,0.004502639700425517,2.027397329946986e-05,0.11498665809631348,ok
alpha,3.7178571428571425,10000,1000,3.7178571428571425,uniform,0.1,1819899361,-0.003310287730061211,1.0958423102845834e-05,0.08933329582214355,0.005873040831834153,3.449186657859676e-05,0.1290135383605957,ok
alpha,3.7178571428571425,10000,1000,3.7178571428571425,uniform,0.1,3761395684,-0.0006982660421439748,4.873690405753547e-07,0.08518481254577637,-0.00062103780416721,3.855043621987791e-07,0.11941409111022949,ok
alpha,3.7178571428571425,10000,1000,3.7178571428571425,uniform,0.1,2751779740,-0.0020893727701918833,4.365303455329508e-06,0.09676980972290039,0.002006942134478297,4.027984943283251e-06,0.11643481254577637,ok
alpha,3.7178571428571425,10000,1000,3.7178571428571425,uniform,0.1,3615948290,0.0006848544009893117,4.6887647707670813e-07,0.08850240707397461,-0.0007555434924449248,5.71010454391186e-07,0.11712360382080078,ok
alpha,3.7178571428571425,10000,1000,3.7178571428571425,uniform,0.1,3919628378,-0.0015853044031085045,2.513550175049948e-06,0.08541107177734375,0.005353458868554609,2.8658305799134078e-05,0.09409809112548828,ok
alpha,3.7178571428571425,10000,1000,3.7178571428571425,uniform,0.1,2630878682,0.0002279892477634193,5.1867155468832475e-08,0.08595705032348633,-0.005381051898060196,2.8958363084635772e-05,0.11782264709472656,ok
alpha,3.7178571428571425,10000,1000,3.7178571428571425,uniform,0.1,3064498969,-0.0038196983583945123,1.4589630922792894e-05,0.08715009689331055,-0.0028774925964614416,8.279613626743967e-06,0.12118721008300781,ok
alpha,3.7178571428571425,10000,1000,3.7178571428571425,uniform,0.1,4183962123,0.0005948646674111353,3.537791551912939e-07,0.0855715274810791,-0.007237274944004479,5.2379180591420224e-05,0.11177802085876465,ok
alpha,3.7178571428571425,10000,1000,3.7178571428571425,uniform,0.1,2286517031,8.168097400984556e-05,6.640275704766829e-09,0.08069157600402832,-0.0019285488369046434,3.7200454096087573e-06,0.13821697235107422,ok
alpha,3.7178571428571425,10000,1000,3.7178571428571425,uniform,0.1,3333922188,-0.0006792428430721542,4.6133544328844824e-07,0.10906529426574707,0.004313664387039131,1.8607925241873965e-05,0.11108636856079102,ok
alpha,3.7178571428571425,10000,1000,3.7178571428571425,uniform,0.1,2778177708,0.0010834414582037658,1.1734614270933903e-06,0.10542488098144531,0.010305234684640532,0.00010619420951432911,0.10355925559997559,ok
alpha,3.7178571428571425,10000,1000,3.7178571428571425,uniform,0.1,1141000209,-0.0007771315436598193,6.036345464674826e-07,0.10325098037719727,0.00014402009123832987,2.0797221558646398e-08,0.09460592269897461,ok
alpha,3.7178571428571425,10000,1000,3.7178571428571425,uniform,0.1,1664721977,0.00046943210085365685,2.2009960508446156e-07,0.10905170440673828,0.006624501419429406,4.3880251683424386e-05,0.1071467399597168,ok
alpha,4.0,10000,1000,4.0,uniform,0.1,646397771,-0.00043714053281555066,1.9120869695887363e-07,0.06926274299621582,0.0022045037709929162,4.859247700893191e-06,0.21761035919189453,ok
alpha,4.0,10000,1000,4.0,uniform,0.1,150134081,0.002589668216179127,6.706645172047349e-06,0.0960850715637207,-0.003426416849401625,1.17399835248265e-05,0.5013577938079834,ok
alpha,4.0,10000,1000,4.0,uniform,0.1,1542033262,0.0008886034666494304,7.895437495993508e-07,0.16629862785339355,-0.0018488417841486268,3.4183665248291443e-06,0.42651820182800293,ok
alpha,4.0,10000,1000,4.0,uniform,0.1,1838173148,-0.0017402862324468066,3.0282250386512223e-06,0.10217094421386719,-0.0012465015592226355,1.5535003123429955e-06,0.3317263126373291,ok
alpha,4.0,10000,1000,4.0,uniform,0.1,748282804,0.0012107471353755015,1.465665207236553e-06,0.11782336235046387,0.00034992850082440246,1.2237961036432788e-07,0.3252692222595215,ok
alpha,4.0,10000,1000,4.0,uniform,0.1,3519267435,-0.0007794638003431917,6.076245603425575e-07,0.10467815399169922,0.00425503778220591,1.8105014938982313e-05,0.2521340847015381,ok
alpha,4.0,10000,1000,4.0,uniform,0.1,3166772364,0.0009671196868827983,9.357000960406849e-07,0.10732102394104004,-0.003340093677938753,1.1154914917910845e-05,0.2103269100189209,ok
alpha,4.0,10000,1000,4.0,uniform,0.1,3729274638,-0.0022754096871712005,5.179690217457023e-06,0.11965179443359375,-0.0011985884639251153,1.4377737949213468e-06,0.22130274772644043,ok
alpha,4.0,10000,1000,4.0,uniform,0.1,4064018027,0.004486433851750126,2.0129043925162786e-05,0.08592510223388672,-0.0009620725815440122,9.253788283888264e-07,0.1417543888092041,ok
alpha,4.0,10000,1000,4.0,uniform,0.1,1144338687,-0.0018830241352782565,3.5455491962568068e-06,0.09962964057922363,-0.008192884762972015,6.712235697948322e-05,0.12165546417236328,ok
alpha,4.0,10000,1000,4.0,uniform,0.1,904713768,0.0025730664461636756,6.620317771881084e-06,0.10029339790344238,0.005280333288529574,2.788119488442904e-05,0.11713171005249023,ok
alpha,4.0,10000,1000,4.0,uniform,0.1,3144836164,-0.0004999440771728253,2.502957209384773e-07,0.09366464614868164,0.0016168528398580557,2.6130763995299682e-06,0.09831809997558594,ok
alpha,4.0,10000,1000,4.0,uniform,0.1,4244452150,0.0013379478494878094,1.7903728842980221e-06,0.08060312271118164,-0.0006835166882514986,4.670579423904119e-07,0.11606884002685547,ok
alpha,4.0,10000,1000,4.0,uniform,0.1,1364987265,0.0013313734519911575,1.7725887631422238e-06,0.0815732479095459,0.004429664885993484,1.962204244261956e-05,0.1120607852935791,ok
alpha,4.0,10000,1000,4.0,uniform,0.1,3409133805,-0.0016947460414686174,2.8720197906425446e-06,0.09322905540466309,0.002777597828667215,7.71528629177042e-06,0.09977483749389648,ok
alpha,4.0,10000,1000,4.0,uniform,0.1,983257073,0.002191825272906198,4.803688636924484e-06,0.0845489501953125,0.005743356871401776,3.2985075391586756e-05,0.08969449996948242,ok
alpha,4.0,10000,1000,4.0,uniform,0.1,200106878,0.0008067978460265676,6.508995535193628e-07,0.05616259574890137,0.0009592652074020262,9.201621409131136e-07,0.07018113136291504,ok
alpha,4.0,10000,1000,4.0,uniform,0.1,1014287778,0.0027935204558978575,7.802592881295501e-06,0.06378531455993652,-0.0008808185749981029,7.76208328918288e-07,0.06851959228515625,ok
alpha,4.0,10000,1000,4.0,uniform,0.1,3221967790,-0.0016684793266726796,2.7838100409019287e-06,0.056143999099731445,0.003144054166196616,9.88510151652759e-06,0.06637263298034668,ok
alpha,4.0,10000,1000,4.0,uniform,0.1,583796232,-0.0005437326824889675,2.9555841882954427e-07,0.04849433898925781,-0.004813766961672341,2.3171583755675227e-05,0.057753801345825195,ok
