param_name,param_value,n,m,alpha,distribution,true_mean,seed,dame_estimate,dame_mse,dame_time,kent_estimate,kent_mse,kent_time,girgis_estimate,girgis_mse,girgis_time,status
alpha,0.05,2000,20,0.05,binomial,0.7,781020512,-0.03640069987284771,0.011627151749395048,0.0006830692291259766,-0.011400203170038613,0.006860605901507344,0.01898479461669922,0.48315424554281367,0.1695180307248272,0.18027567863464355,ok
alpha,0.05,2000,20,0.05,binomial,0.7,727841268,-0.03872997468627856,0.001500010939199761,0.0004611015319824219,-0.023943662320166186,0.0005732989653021354,0.008423089981079102,-0.5488945209517258,0.30128519513082425,0.22333478927612305,ok
alpha,0.05,2000,20,0.05,binomial,0.7,1369685350,0.018309674076822005,0.003435530993217358,0.000423431396484375,0.037268973423246324,0.0015724479243752734,0.0076525211334228516,0.49552930651919347,0.17523117545667669,0.16849946975708008,ok
alpha,0.05,2000,20,0.05,binomial,0.7,4204554059,0.026159678251952166,0.016303836049668577,0.0006268024444580078,-0.026800455154135244,0.03263319734330321,0.01415252685546875,0.5062563326646419,0.12419293413487893,0.2516932487487793,ok
alpha,0.05,2000,20,0.05,binomial,0.7,259495031,0.00015416788890620215,0.012311443249215567,0.0008709430694580078,-0.0059724075853500695,0.013708550350344535,0.0288240909576416,0.474518300936281,0.13206478561662718,0.24977922439575195,ok
alpha,0.05,2000,20,0.05,binomial,0.7,2678185529,-0.01818449253541495,0.009045449768301845,0.0005538463592529297,-0.010698135935434472,0.007677476942796554,0.013844013214111328,0.4878883950044556,0.16889249266572878,0.35339856147766113,ok
alpha,0.05,2000,20,0.05,binomial,0.7,947380072,-0.011900269150805484,0.0001416164058616074,0.0009043216705322266,0.010902384048677397,0.00011886197794486018,0.0287172794342041,-0.49571648660828044,0.24573483509525726,0.2940187454223633,ok
alpha,0.05,2000,20,0.05,binomial,0.7,2028053869,0.0352368552031874,0.0023132712085235773,0.0008485317230224609,-0.006472262907035407,0.00806504511608808,0.02348184585571289,-0.469744268088686,0.3058948331947338,0.21680831909179688,ok
alpha,0.05,2000,20,0.05,binomial,0.7,2690882795,-0.028145104702405627,0.021946972047286694,0.0005750656127929688,0.007791222417328641,0.012590809766597384,0.01336050033569336,0.47093152576865427,0.12315293577831574,0.21989774703979492,ok
alpha,0.05,2000,20,0.05,binomial,0.7,1051880743,-0.0007925675116141369,0.014590844366047831,0.0003972053527832031,-0.0023269987832140264,0.014963894631308419,0.0074310302734375,0.44545588903452155,0.10592153570725088,0.24968409538269043,ok
alpha,0.05,2000,20,0.05,binomial,0.7,470475814,-0.050320467784242685,0.04961055097318593,0.0008654594421386719,0.001997207485889616,0.029041812653546672,0.0278623104095459,0.5171965429117077,0.11887514456534487,0.2705965042114258,ok
alpha,0.05,2000,20,0.05,binomial,0.7,1472501943,0.05203457113603659,0.00022492602905066283,0.0007688999176025391,-0.025991450201364612,0.003972590203561325,0.027734994888305664,0.5246274806009003,0.23774444065480516,0.20688271522521973,ok
alpha,0.05,2000,20,0.05,binomial,0.7,2320123009,0.028185281717681924,0.002375372681483019,0.0006935596466064453,0.026068260102817733,0.0025862123938221117,0.024323225021362305,-0.4614713165349535,0.28986852290704046,0.24692463874816895,ok
alpha,0.05,2000,20,0.05,binomial,0.7,4125618433,0.03694336112823147,9.343041192406621e-06,0.0008168220520019531,-0.03241611433825398,0.0052440936158510785,0.03159332275390625,-0.44520671151948615,0.23542555290355388,0.2748837471008301,ok
alpha,0.05,2000,20,0.05,binomial,0.7,2954173373,0.011003770754315998,0.017385311734886503,0.0008087158203125,-0.02544296846741914,0.02832492747185994,0.021326065063476562,0.5254990546064718,0.14641483262718133,0.29491543769836426,ok
alpha,0.05,2000,20,0.05,binomial,0.7,3452587823,0.02033964193078486,0.0039682051565194726,0.0007138252258300781,0.021489633050664772,0.003824643264652503,0.027696847915649414,0.5021900747796694,0.17544096985504304,0.2584860324859619,ok
alpha,0.05,2000,20,0.05,binomial,0.7,2841777980,-0.028343994210969118,0.01944772640039244,0.0008227825164794922,0.06903747513568201,0.0017701908441929075,0.022610187530517578,0.47867932209177705,0.13510638972352748,0.28463101387023926,ok
alpha,0.05,2000,20,0.05,binomial,0.7,1989427189,-0.021556315179249563,0.009698190668843755,0.0007631778717041016,-0.013172130675575523,0.00811714643224427,0.032044410705566406,-0.514795045485833,0.35013033638712565,0.23095440864562988,ok
alpha,0.05,2000,20,0.05,binomial,0.7,1346599503,0.032592370971239064,0.00764009361242947,0.0006978511810302734,0.03861689700011379,0.00662320945389007,0.02732706069946289,-0.49370066736393875,0.3766285091229437,0.29509425163269043,ok
alpha,0.05,2000,20,0.05,binomial,0.7,3926379781,-0.045709568925628406,0.015038765827853974,0.0005249977111816406,-0.044378052753049825,0.014713964060704503,0.0268247127532959,-0.5315755258446977,0.3702705495703339,0.2247314453125,ok
alpha,0.05,2000,20,0.05,binomial,0.7,4243162185,0.040915195915606224,8.375835639422501e-07,0.0005006790161132812,0.01714827753190446,0.0005222012197588641,0.011905431747436523,0.48002792368291036,0.19362457362069316,0.2574939727783203,ok
alpha,0.05,2000,20,0.05,binomial,0.7,312743187,-0.018951289920693157,0.0034752545833136228,0.0005688667297363281,0.00790812211421978,0.0010298886262358321,0.01429438591003418,-0.40902929790521375,0.20162731037724924,0.233443021774292,ok
alpha,0.05,2000,20,0.05,binomial,0.7,2390268618,-0.00925671324436334,0.0024262237996374426,0.0008492469787597656,0.027648763009988246,0.0001525530551834355,0.02204442024230957,0.44921741439155305,0.16745889224130803,0.21509194374084473,ok
alpha,0.05,2000,20,0.05,binomial,0.7,2387800701,0.032391111311058055,0.0076753173773114,0.00047969818115234375,0.0409990038768454,0.006241157388450669,0.013198137283325195,0.462461997243115,0.11728021955574337,0.3345775604248047,ok
alpha,0.05,2000,20,0.05,binomial,0.7,1863184316,0.019336425045229814,0.0033162224745003463,0.0005207061767578125,0.0020085305016367804,0.005612189265530102,0.01456594467163086,-0.4815315482411943,0.3118715683673667,0.2210543155670166,ok
alpha,0.05,2000,20,0.05,binomial,0.7,1139351029,0.08560669832239234,0.0011828992002869217,0.0007159709930419922,-0.021928066767890813,0.020143576136470838,0.027940988540649414,-0.4605845463404524,0.3370784154493488,0.22463345527648926,ok
alpha,0.05,2000,20,0.05,binomial,0.7,1803210951,0.0004128866049049531,0.006875800485642081,0.0008213520050048828,0.0159956303524802,0.004534366242737558,0.014416694641113281,0.47581028093857336,0.15403815440152654,0.28876829147338867,ok
alpha,0.05,2000,20,0.05,binomial,0.7,3194031095,-0.03418669121198459,0.005503665152982356,0.0005350112915039062,0.003675178026230924,0.0013194926914260195,0.014495372772216797,-0.5151083345911874,0.30814526313260177,0.2632441520690918,ok
alpha,0.05,2000,20,0.05,binomial,0.7,1705053442,-0.002768718712775651,0.015072158294376602,0.0007550716400146484,0.008272649307753606,0.012483000892708184,0.029726743698120117,0.4815708715335175,0.1307334951415075,0.19474220275878906,ok
alpha,0.05,2000,20,0.05,binomial,0.7,1100160589,-0.0485284095913313,0.025484776570105488,0.0005559921264648438,-0.0055385478191348056,0.01360714292854266,0.01495051383972168,0.4922775610597297,0.1452878625664329,0.24752235412597656,ok
alpha,0.05,2000,20,0.05,binomial,0.7,845025431,-0.001685272805536247,0.006179272647055951,0.0007007122039794922,0.06443455100242182,0.00015596327967087311,0.029048442840576172,-0.5059191169161169,0.33970502291928434,0.2694230079650879,ok
alpha,0.05,2000,20,0.05,binomial,0.7,3387436816,-0.021401183196788225,0.0426779276012523,0.0007238388061523438,-0.016753282786678977,0.04077914484682349,0.028098344802856445,0.5023643824207508,0.100602643158998,0.34148097038269043,ok
alpha,0.05,2000,20,0.05,binomial,0.7,3329482216,-0.003531817936605034,0.0016458319938723804,0.0007102489471435547,0.007763228818369864,0.0008569558476232894,0.0289764404296875,0.49453905991031344,0.20930810093314017,0.22259044647216797,ok
alpha,0.05,2000,20,0.05,binomial,0.7,2142071295,-0.012551959044870177,0.02768833197369386,0.0005612373352050781,-0.06,0.04573017751479276,0.027465105056762695,-0.4383476813820939,0.35069353848234064,0.24312257766723633,ok
alpha,0.05,2000,20,0.05,binomial,0.7,4045147272,0.035414768100756125,0.005249264067724792,0.0005958080291748047,-0.023634190488474743,0.0001796362956043156,0.02460765838623047,-0.4770768597996897,0.19363504561698655,0.22832894325256348,ok
alpha,0.05,2000,20,0.05,binomial,0.7,378778862,-0.01842246588041174,0.026011112194538676,0.0005865097045898438,0.03719273993955818,0.011164966043929664,0.014165878295898438,0.4725064939858787,0.10866869469959661,0.2407076358795166,ok
alpha,0.05,2000,20,0.05,binomial,0.7,1974704002,0.036968397513734624,0.0011875035862407967,0.0009112358093261719,0.03833536594967155,0.0010951602488686867,0.028246402740478516,-0.4964314902174865,0.3224650496126646,0.27414584159851074,ok
alpha,0.05,2000,20,0.05,binomial,0.7,1972023672,-0.02783547124056859,0.0007748134591845087,0.0005352497100830078,0.03738413595094614,0.0013975736207988403,0.01086568832397461,-0.41349882780785957,0.17098128059847373,0.24654889106750488,ok
alpha,0.05,2000,20,0.05,binomial,0.7,4214505796,0.00796723779913553,0.031406200875724564,0.0007672309875488281,0.026455471909028284,0.02519512187673089,0.02825474739074707,-0.4987142431566832,0.467718428086334,0.2946476936340332,ok
alpha,0.05,2000,20,0.05,binomial,0.7,1402619146,-0.02677263547118644,0.028774261695718114,0.0007398128509521484,-0.012955098325517877,0.02427745450236362,0.028166532516479492,0.5529761065433518,0.16819756437505004,0.2438950538635254,ok
alpha,1.3666666666666667,2000,20,1.3666666666666667,binomial,0.7,3149462701,0.06044611046637373,0.003546665758583347,0.0008065700531005859,-0.015317512215862574,0.018310829112290088,0.015133142471313477,0.04433218595661336,0.005725618082104522,0.20113062858581543,ok
alpha,1.3666666666666667,2000,20,1.3666666666666667,binomial,0.7,567857515,0.04348476198356398,0.012179636813848045,0.0010845661163330078,0.011087684469392066,0.02037998057879574,0.027981996536254883,0.031933972209820145,0.014862580031330343,0.203690767288208,ok
alpha,1.3666666666666667,2000,20,1.3666666666666667,binomial,0.7,839291543,0.04665824715577894,0.004154171672044536,0.0011265277862548828,0.060683250232355976,0.002542969152807065,0.026253700256347656,0.017390222351156684,0.00878360498995572,0.21541309356689453,ok
alpha,1.3666666666666667,2000,20,1.3666666666666667,binomial,0.7,2965783971,0.05858585079028271,0.0027589029717707725,0.0011379718780517578,0.003111959306632656,0.011663816790486744,0.021696805953979492,0.07845916192434722,0.0010661497856949997,0.16686081886291504,ok
alpha,1.3666666666666667,2000,20,1.3666666666666667,binomial,0.7,3935420626,0.05652704474312847,0.0007185771079813317,0.0011272430419921875,-0.0019905309136272263,0.007280161810033703,0.013100624084472656,0.0953353146582489,0.00014404755572362924,0.12932038307189941,ok
alpha,1.3666666666666667,2000,20,1.3666666666666667,binomial,0.7,3607595641,0.015331402628220523,0.004624262579622924,0.0008442401885986328,0.023672542968699875,0.003559409906932705,0.01270914077758789,-0.044696892723648005,0.016391738784201672,0.24484777450561523,ok
alpha,1.3666666666666667,2000,20,1.3666666666666667,binomial,0.7,2878366397,0.03389043972498731,0.0018518078642224016,0.0005545616149902344,0.10499013408810229,0.0007877596979048045,0.006502628326416016,-0.07882890871710074,0.024258681030858095,0.18251252174377441,ok
alpha,1.3666666666666667,2000,20,1.3666666666666667,binomial,0.7,4158125581,0.007007231826094457,0.0009017892010071374,0.0007746219635009766,0.058874985799144165,0.0004768960061364285,0.014474868774414062,0.024986711766595702,0.0001452103391234303,0.1675262451171875,ok
alpha,1.3666666666666667,2000,20,1.3666666666666667,binomial,0.7,3722008050,0.02914596243399506,0.012930232553225656,0.0011258125305175781,0.03149944357667126,0.012400537189039931,0.026907682418823242,0.03631698771121277,0.011350804658518837,0.1822981834411621,ok
alpha,1.3666666666666667,2000,20,1.3666666666666667,binomial,0.7,3668915175,-0.008235847513715873,0.0072520424112313756,0.001020193099975586,0.03452016245391658,0.0017980071554789235,0.025966167449951172,0.0173216868627358,0.003552325697124923,0.19027972221374512,ok
alpha,1.3666666666666667,2000,20,1.3666666666666667,binomial,0.7,1671550611,0.07827384174846705,4.685772575244432e-05,0.0005195140838623047,-0.00010389100749977586,0.005116893182167933,0.006317853927612305,0.05840216356224228,0.00016968730189996108,0.1192770004272461,ok
alpha,1.3666666666666667,2000,20,1.3666666666666667,binomial,0.7,3690036118,0.03159514073723847,0.006322789544498564,0.001062154769897461,-0.010579843709249746,0.014808688485091065,0.026046037673950195,0.061595320445979915,0.0024518135251930767,0.181901216506958,ok
alpha,1.3666666666666667,2000,20,1.3666666666666667,binomial,0.7,1297834098,0.11050021692790965,3.7319170306916903e-07,0.0010399818420410156,-0.05246675861243,0.02675771946329173,0.007577419281005859,0.011075983993671776,0.010007026657402211,0.23222756385803223,ok
alpha,1.3666666666666667,2000,20,1.3666666666666667,binomial,0.7,4147998539,0.10228025419205607,0.0009642937241544275,0.000985860824584961,0.01051448969287341,0.015084468353179736,0.026337623596191406,0.02668060328144171,0.01137480482752166,0.16155362129211426,ok
alpha,1.3666666666666667,2000,20,1.3666666666666667,binomial,0.7,3425846353,0.04084442891551463,0.006265604433710999,0.0010483264923095703,-0.005263551002130155,0.015690957209663237,0.025881290435791016,-0.009679938102146195,0.01681688634617644,0.15436506271362305,ok
alpha,1.3666666666666667,2000,20,1.3666666666666667,binomial,0.7,2785251670,0.03874921773470194,0.001457243525333877,0.0010116100311279297,0.03723904442649379,0.001574822435189862,0.02572321891784668,-0.0697348828204552,0.021508557156135474,0.1341865062713623,ok
alpha,1.3666666666666667,2000,20,1.3666666666666667,binomial,0.7,2118991218,0.09689474619388952,0.003243462833574355,0.0004916191101074219,0.06987907388459953,0.007050470517270002,0.007115840911865234,0.047635986361773554,0.011280599677060046,0.182844877243042,ok
alpha,1.3666666666666667,2000,20,1.3666666666666667,binomial,0.7,1331297472,0.09558805930294531,0.0033940055798053863,0.0010030269622802734,-0.018264482425883546,0.029622071117965443,0.02613067626953125,0.047194996450268034,0.01137446937388194,0.23745465278625488,ok
alpha,1.3666666666666667,2000,20,1.3666666666666667,binomial,0.7,2932353902,0.01882873640475189,0.010235624577459154,0.0005025863647460938,0.021940178836493903,0.009615728526618775,0.011657476425170898,0.022839438507610693,0.00944017470951634,0.2205944061279297,ok
alpha,1.3666666666666667,2000,20,1.3666666666666667,binomial,0.7,3366929965,0.034463763241465134,6.621738026975589e-06,0.0010120868682861328,0.03755046339482779,2.6360662487456305e-07,0.026369333267211914,0.08149860228020563,0.001976830783872562,0.1932206153869629,ok
alpha,1.3666666666666667,2000,20,1.3666666666666667,binomial,0.7,2450129809,0.040383196122523786,0.005002437958632812,0.0007331371307373047,0.07605953290809424,0.0012286131345221954,0.012677907943725586,-0.041775220257912714,0.023374230319478908,0.12282490730285645,ok
alpha,1.3666666666666667,2000,20,1.3666666666666667,binomial,0.7,3126907547,0.060288049793997496,0.0005310850934083696,0.0004930496215820312,0.033485313415639595,0.002484825089714762,0.008634090423583984,0.05186813884808766,0.0009900584639943163,0.22104573249816895,ok
alpha,1.3666666666666667,2000,20,1.3666666666666667,binomial,0.7,2769674521,0.045798032710811946,0.0001280354277345963,0.0010175704956054688,0.0024346729127146497,0.0010270797975457018,0.02633976936340332,0.056486724521550465,0.000484174515366252,0.20731449127197266,ok
alpha,1.3666666666666667,2000,20,1.3666666666666667,binomial,0.7,3350062007,0.01212972988864685,0.0007767519560797867,0.0010218620300292969,-0.015529067657658803,0.0030834773549288526,0.02635931968688965,0.048635631627387016,7.457413360392631e-05,0.1511220932006836,ok
alpha,1.3666666666666667,2000,20,1.3666666666666667,binomial,0.7,3644118693,0.010830069137989867,0.004368285678079571,0.0011663436889648438,-0.010159639988648415,0.007583399584727685,0.027252674102783203,0.1204339160113893,0.0018931931181690163,0.15411138534545898,ok
alpha,1.3666666666666667,2000,20,1.3666666666666667,binomial,0.7,2950365321,0.012488215394103087,0.00015595552372951887,0.0010502338409423828,-0.056444831442044555,0.0031860189965207965,0.02581954002380371,0.020712772217294406,0.0004290189329255322,0.1384444236755371,ok
alpha,1.3666666666666667,2000,20,1.3666666666666667,binomial,0.7,1281930966,0.0746406912571283,0.0020574668896311465,0.0010499954223632812,0.03977187796183506,0.006436551565770667,0.008076190948486328,0.059237607779078764,0.0036920683084090554,0.125471830368042,ok
alpha,1.3666666666666667,2000,20,1.3666666666666667,binomial,0.7,1823564740,0.11292814860670257,3.3016252603859057e-06,0.0004963874816894531,-0.02756442073266533,0.019230903132154205,0.012312173843383789,-0.0036379780868462815,0.013167353471760741,0.2165074348449707,ok
alpha,1.3666666666666667,2000,20,1.3666666666666667,binomial,0.7,3363109461,0.013584677986633044,0.004864874922672742,0.0006008148193359375,-0.05072290846371167,0.017971075964747715,0.0228273868560791,-0.021073297552211562,0.010900744572870354,0.19259881973266602,ok
alpha,1.3666666666666667,2000,20,1.3666666666666667,binomial,0.7,3104234836,-0.009053719395830028,0.006477399136343529,0.0007746219635009766,0.018046283084465556,0.0028496687088532583,0.01094818115234375,0.11245064309894544,0.0016828103641293045,0.21471476554870605,ok
alpha,1.3666666666666667,2000,20,1.3666666666666667,binomial,0.7,454333241,0.10668966030327649,0.002223734883259403,0.0010235309600830078,-0.040057770252158204,0.037598731780723836,0.023240327835083008,0.08697424156412677,0.004471852652255081,0.18670964241027832,ok
alpha,1.3666666666666667,2000,20,1.3666666666666667,binomial,0.7,2410088788,0.05731653320554883,0.00038441655654733827,0.0010228157043457031,0.04454117979586163,0.001048587261557551,0.026633501052856445,0.040529488908801536,0.0013244932485528054,0.231170654296875,ok
alpha,1.3666666666666667,2000,20,1.3666666666666667,binomial,0.7,414085428,0.05380677052554306,0.0032837874499467624,0.0010180473327636719,-0.042390334947868494,0.023562693942197767,0.02616286277770996,-0.03837940286145114,0.022347413767780776,0.2704639434814453,ok
alpha,1.3666666666666667,2000,20,1.3666666666666667,binomial,0.7,3351659772,0.006553805974735911,0.010932230057381035,0.0006861686706542969,-0.013846552911030494,0.015614417797870381,0.012360572814941406,0.019616189413247647,0.008371320696498135,0.19482779502868652,ok
alpha,1.3666666666666667,2000,20,1.3666666666666667,binomial,0.7,2243273589,0.05248073912928441,0.0027542279795560267,0.001035451889038086,-0.06139088766014319,0.003768841087700294,0.02145862579345703,0.025322528187212444,0.00064123043379218,0.17487573623657227,ok
alpha,1.3666666666666667,2000,20,1.3666666666666667,binomial,0.7,3363705510,0.021212020106520003,0.003103721851617628,0.0004839897155761719,-0.03474057130627203,0.012468770335887775,0.00982356071472168,-0.059196364783418186,0.018528502410487906,0.14670610427856445,ok
alpha,1.3666666666666667,2000,20,1.3666666666666667,binomial,0.7,3677776869,0.04198701283034298,0.006086026167133053,0.0010600090026855469,0.00010937966904314322,0.014373760843341616,0.014648675918579102,-0.05664351725711661,0.031202932188965214,0.17210674285888672,ok
alpha,1.3666666666666667,2000,20,1.3666666666666667,binomial,0.7,2428095278,0.018534153798443302,0.0034092663436543686,0.0007529258728027344,0.009475951802828482,0.004549114686986442,0.01239776611328125,0.10298114004204327,0.0006790226535120368,0.14874577522277832,ok
alpha,2.683333333333333,2000,20,2.683333333333333,binomial,0.7,2165663450,0.15579622858057013,0.00086371077030793,0.00048828125,0.02474434025719883,0.025741264721206074,0.00631403923034668,0.13609998932957873,0.0024093564521832167,0.10342550277709961,ok
alpha,2.683333333333333,2000,20,2.683333333333333,binomial,0.7,3185495976,0.053035329307495584,0.0033727964321011404,0.0007472038269042969,0.055502200240846074,0.0030923509681770617,0.012481689453125,0.014712014879296994,0.009292785754310525,0.178147554397583,ok
alpha,1.3666666666666667,2000,20,1.3666666666666667,binomial,0.7,436542514,0.0007699951557387796,0.006816704811027793,0.0010340213775634766,0.022948070359320023,0.0036463799844407077,0.025776147842407227,-0.016868497691841355,0.010040406940797601,0.2161540985107422,ok
alpha,2.683333333333333,2000,20,2.683333333333333,binomial,0.7,3689975065,0.03891153411725062,0.0014448773864791618,0.0005173683166503906,0.0009552968221510767,0.005771103613462617,0.011646270751953125,0.1298985653801327,0.002806402377263655,0.12848496437072754,ok
alpha,2.683333333333333,2000,20,2.683333333333333,binomial,0.7,1820881438,0.005510899541824888,0.005099699078331397,0.0009760856628417969,0.010714595948818673,0.004383562952918711,0.025972843170166016,0.06586031776390176,0.00012238464021391277,0.21391797065734863,ok
alpha,1.3666666666666667,2000,20,1.3666666666666667,binomial,0.7,2575611675,0.03544792400635474,0.005724917882849344,0.0015566349029541016,0.030435277477571136,0.006508590132466592,0.02194833755493164,0.04829764524911662,0.003945531493595926,0.23727941513061523,ok
alpha,2.683333333333333,2000,20,2.683333333333333,binomial,0.7,4198392232,0.023189587230347804,0.0002825899774860868,0.0004990100860595703,0.009342078598141488,0.0009399081446825364,0.010401010513305664,0.04179279122601767,3.214100380085822e-06,0.17084956169128418,ok
alpha,2.683333333333333,2000,20,2.683333333333333,binomial,0.7,1441505965,0.023006865655298765,0.000529315867280976,0.0010745525360107422,-0.030851126372639665,0.000951791998460569,0.024619340896606445,-0.06015604239604165,0.0036187494367543338,0.20821166038513184,ok
alpha,2.683333333333333,2000,20,2.683333333333333,binomial,0.7,1167967466,0.10522951192990865,3.4593208928319455e-05,0.0007789134979248047,0.0016529721607988215,0.011981084182465835,0.0194242000579834,0.0596118375406129,0.0026521751782889974,0.23308086395263672,ok
alpha,2.683333333333333,2000,20,2.683333333333333,binomial,0.7,4099314454,0.11691513447760757,3.368668723883888e-05,0.0005071163177490234,0.04346450876726778,0.004576062808666045,0.02535533905029297,0.10966741528981025,2.084257624441071e-06,0.1770622730255127,ok
alpha,2.683333333333333,2000,20,2.683333333333333,binomial,0.7,2252834183,0.09126800435094252,0.00014835901408475803,0.0007317066192626953,0.01402201002139693,0.007997057022206544,0.017714977264404297,0.008988387426788818,0.00892267052320557,0.17481398582458496,ok
alpha,2.683333333333333,2000,20,2.683333333333333,binomial,0.7,3708029225,0.033834339903001255,0.001856639257985235,0.001062631607055664,-0.016068294749193014,0.008647395205490238,0.018826007843017578,0.011339366278082082,0.004301223101966404,0.21170592308044434,ok
alpha,2.683333333333333,2000,20,2.683333333333333,binomial,0.7,1684010960,0.0006506353997770116,0.0015483724944412847,0.0007753372192382812,-0.013282275770299286,0.002839000911262226,0.012992382049560547,0.02704197397424278,0.00016791043848420235,0.16546392440795898,ok
alpha,2.683333333333333,2000,20,2.683333333333333,binomial,0.7,3848499095,0.040685315585914296,0.0013131753467291547,0.0010342597961425781,0.00032963248685912203,0.0058665557306039765,0.026403188705444336,0.03688823175280874,0.0016027888278073415,0.24118471145629883,ok
alpha,2.683333333333333,2000,20,2.683333333333333,binomial,0.7,3443082061,0.1285712871041723,0.000638818888824909,0.0010075569152832031,0.05908720745314765,0.008979257921512562,0.025626182556152344,0.04519268165304459,0.011805577019618697,0.21612238883972168,ok
alpha,2.683333333333333,2000,20,2.683333333333333,binomial,0.7,1243093914,0.10077284849423193,0.0028167757409783088,0.0007174015045166016,0.003973380306451709,0.022461848248482748,0.012249469757080078,0.15786470233724959,1.6148731975290447e-05,0.18563413619995117,ok
alpha,2.683333333333333,2000,20,2.683333333333333,binomial,0.7,3743994401,0.020525787842441485,0.00027262134996602303,0.0009560585021972656,0.010750293354892254,0.0006909928934107639,0.006533145904541016,0.027290678706673042,9.499150070385019e-05,0.11304521560668945,ok
alpha,2.683333333333333,2000,20,2.683333333333333,binomial,0.7,2986124634,0.05300510175300098,0.0033763083235247623,0.0006985664367675781,0.022568779761339617,0.007839744440852697,0.007344484329223633,0.08945242471421713,0.0004690986964389928,0.1502373218536377,ok
alpha,2.683333333333333,2000,20,2.683333333333333,binomial,0.7,17633407,0.07635120431461921,0.0012082511205007917,0.00115966796875,0.00130728903936666,0.012056879341563275,0.025771141052246094,-0.06827283312817121,0.032178599450841894,0.16539692878723145,ok
alpha,2.683333333333333,2000,20,2.683333333333333,binomial,0.7,886006139,0.04413566406723658,1.7103717277031538e-05,0.0010499954223632812,0.014464391029466441,0.0006520673254959957,0.027802467346191406,-0.06231146088276289,0.010467635027965128,0.13585519790649414,ok
alpha,2.683333333333333,2000,20,2.683333333333333,binomial,0.7,2260294147,-0.016606666550550136,0.0028776469345928833,0.0010979175567626953,0.024696294504235376,0.00015229392626089306,0.02570343017578125,-0.09201553086456173,0.016654565281996683,0.1357133388519287,ok
alpha,2.683333333333333,2000,20,2.683333333333333,binomial,0.7,2857014511,0.1340727794433164,0.0014700333284864125,0.0012431144714355469,0.040403235066883855,0.017426787433125115,0.007893085479736328,-0.004911515713674589,0.03144426514708796,0.16864323616027832,ok
alpha,2.683333333333333,2000,20,2.683333333333333,binomial,0.7,694650268,0.008853203078991517,0.0009701229584385457,0.0007083415985107422,-0.014684634335672637,0.0029904092324262305,0.012235164642333984,-0.009624697504101687,0.0024626106023735994,0.16592693328857422,ok
alpha,2.683333333333333,2000,20,2.683333333333333,binomial,0.7,3317850090,0.15803837469250048,1.7574715624546033e-05,0.0010311603546142578,0.035450218247209425,0.014017597566349318,0.014220476150512695,0.14721639326602246,4.395372534985982e-05,0.12651515007019043,ok
alpha,2.683333333333333,2000,20,2.683333333333333,binomial,0.7,2831372508,0.0827239355643278,0.0013895049798123768,0.0010237693786621094,0.03266857110062293,0.007626778473606931,0.02592015266418457,0.010310200973454087,0.012031852010484007,0.13263368606567383,ok
alpha,2.683333333333333,2000,20,2.683333333333333,binomial,0.7,2483695673,0.02240516902130802,0.0003095780771687402,0.001051187515258789,-0.009551614980200284,0.0024553625471460125,0.026165008544921875,0.04820743317045441,6.736195924747471e-05,0.2222740650177002,ok
alpha,2.683333333333333,2000,20,2.683333333333333,binomial,0.7,255305064,0.0473006955034584,0.0008774854809693579,0.0007200241088867188,-0.02904508805317755,0.011229251988434674,0.013155221939086914,0.031749108503977996,0.0020406874227297425,0.16029715538024902,ok
alpha,2.683333333333333,2000,20,2.683333333333333,binomial,0.7,1630128417,0.016320574097650545,0.00042917183671896245,0.0004825592041015625,-0.016681465257216685,0.0028856774887377123,0.008384227752685547,0.03532256767514372,2.939405192869926e-06,0.15646052360534668,ok
alpha,2.683333333333333,2000,20,2.683333333333333,binomial,0.7,3264952906,0.008231169854024127,0.0010092585688438677,0.0010356903076171875,-0.04759954150477715,0.007673679671847182,0.025178194046020508,0.004644372575857396,0.001250020390554787,0.24954962730407715,ok
alpha,2.683333333333333,2000,20,2.683333333333333,binomial,0.7,2044948565,0.010588910010577369,0.0008650122143659182,0.0007336139678955078,0.014243419948331094,0.0006634014159580305,0.00868535041809082,0.029442204879961992,0.00011146703779669913,0.21772336959838867,ok
alpha,2.683333333333333,2000,20,2.683333333333333,binomial,0.7,71943399,0.08788670821822887,0.0010312635090611616,0.0009906291961669922,-0.003107115684384734,0.015155361932128459,0.020014286041259766,0.002483188456165546,0.013810200995429076,0.25493764877319336,ok
alpha,2.683333333333333,2000,20,2.683333333333333,binomial,0.7,224745834,0.10834390262162179,0.0041049508663532274,0.0007157325744628906,-0.01280549119058385,0.03430618327439346,0.013337850570678711,0.054826799230018,0.013826701128190106,0.19489240646362305,ok
alpha,2.683333333333333,2000,20,2.683333333333333,binomial,0.7,3011018095,0.08548982766077097,0.0032910088528398736,0.0008640289306640625,0.04524903947050684,0.009527341846736212,0.019776105880737305,0.15887761842677725,0.00025665563747725447,0.1343834400177002,ok
alpha,2.683333333333333,2000,20,2.683333333333333,binomial,0.7,1487832142,0.09726527439303699,0.0005168677484238943,0.0007154941558837891,-0.012798061298796114,0.017635325084718784,0.010655879974365234,0.08314987542342277,0.0013579316813092529,0.1785271167755127,ok
alpha,2.683333333333333,2000,20,2.683333333333333,binomial,0.7,2262563793,0.08811596108747692,0.0005287769246094356,0.0010268688201904297,0.00531978347689924,0.011191805002609124,0.021893739700317383,0.06419283354709587,0.0022013247695739594,0.14538216590881348,ok
alpha,2.683333333333333,2000,20,2.683333333333333,binomial,0.7,3751950896,0.029081827901814766,6.328535238511942e-05,0.0007357597351074219,0.0015318767009259444,0.0012606164104929365,0.012412309646606445,0.0004198435078058509,0.0013408188619571499,0.17612814903259277,ok
alpha,2.683333333333333,2000,20,2.683333333333333,binomial,0.7,2688266395,0.06855488282346427,0.010786673244545747,0.0004734992980957031,0.016361394849814,0.024352351000710846,0.00632023811340332,0.054326349752970425,0.01394464427705229,0.15641045570373535,ok
alpha,2.683333333333333,2000,20,2.683333333333333,binomial,0.7,2477701436,0.05993569479777596,0.0068759665482622705,0.0010199546813964844,0.030002283029345198,0.012736219386751844,0.02532172203063965,0.2308236276500777,0.007738102446825646,0.1700122356414795,ok
alpha,2.683333333333333,2000,20,2.683333333333333,binomial,0.7,2176805048,0.058687443428626626,0.00016233634271097663,0.0006082057952880859,0.07953568705308953,6.572532374930598e-05,0.012506484985351562,-0.017675767125300036,0.007939583149122938,0.14245986938476562,ok
alpha,2.683333333333333,2000,20,2.683333333333333,binomial,0.7,1155736471,0.03507348115081768,2.4270587971349027e-05,0.001027822494506836,-0.002437589898025612,0.0018009490363530083,0.023717164993286133,0.10306458043449765,0.003977141305379219,0.15389704704284668,ok
alpha,4.0,2000,20,4.0,binomial,0.7,159265289,0.1565022172823874,0.00025317824510936624,0.0004839897155761719,0.00563072208575071,0.027816592778094316,0.017673015594482422,0.1895689833494269,0.00029430055237572356,0.1448974609375,ok
alpha,4.0,2000,20,4.0,binomial,0.7,1714958982,0.04885283995089367,0.0011889044238964448,0.00047135353088378906,-0.003375173431282331,0.007518365145349348,0.008114337921142578,-0.008956127505587311,0.008517344581938613,0.14143848419189453,ok
alpha,2.683333333333333,2000,20,2.683333333333333,binomial,0.7,3671936948,0.07019897376886387,0.0016738029819108869,0.0007390975952148438,0.030371626890136838,0.006518864312268926,0.012252092361450195,0.008925408123140443,0.010441917895145723,0.206010103225708,ok
alpha,2.683333333333333,2000,20,2.683333333333333,binomial,0.7,677886635,0.025982986309591245,0.00019647667279710748,0.0010838508605957031,-0.014944827251918544,0.0030189340417431745,0.025472164154052734,-0.01554708344522109,0.003085478479270359,0.2104942798614502,ok
alpha,4.0,2000,20,4.0,binomial,0.7,2769450498,0.031170125214455866,0.002093332590051406,0.00047659873962402344,-0.024163278344664012,0.010218451221315926,0.01013636589050293,0.0440809479306258,0.0010786054367567953,0.25478219985961914,ok
alpha,4.0,2000,20,4.0,binomial,0.7,2344340789,0.029308147810315974,2.6776597038834582e-05,0.0010423660278320312,-0.0002275071410368703,0.0012048025492496742,0.025403499603271484,0.028383802235971662,3.719726898269051e-05,0.13872361183166504,ok
alpha,4.0,2000,20,4.0,binomial,0.7,3309821526,0.028541959955033787,0.000814643478074765,0.0007226467132568359,0.036490563430993335,0.0013315612195113644,0.009582281112670898,-0.019296112149190192,0.00037233994407411675,0.15485286712646484,ok
alpha,4.0,2000,20,4.0,binomial,0.7,389491436,0.03096806359754614,8.157587517797179e-05,0.0007243156433105469,0.039194419822577285,6.489594222564699e-07,0.011962175369262695,-0.06060696963550032,0.010121762339238493,0.15894746780395508,ok
alpha,4.0,2000,20,4.0,binomial,0.7,3908954905,0.06470612629855534,0.00014925388256199713,0.0009808540344238281,-0.023555657700538035,0.01009597611156283,0.025350332260131836,0.01808698894467292,0.0034616852486024897,0.12979483604431152,ok
alpha,4.0,2000,20,4.0,binomial,0.7,736410639,-0.01394182027129591,0.002909719974180794,0.0008716583251953125,0.019923337553396935,0.0004030723749948432,0.0156552791595459,-0.08161338246988727,0.014789814795767093,0.16035914421081543,ok
alpha,4.0,2000,20,4.0,binomial,0.7,2810882944,0.03965652607855412,1.4605656812822724e-05,0.0010302066802978516,0.037757104465485414,3.273163059994048e-05,0.026676654815673828,-0.058662028488498434,0.010432638710148922,0.1933126449584961,ok
alpha,4.0,2000,20,4.0,binomial,0.7,2231998619,0.08932682480094149,0.0004745551300434359,0.0004906654357910156,0.05982723734273292,0.002630035708690931,0.00632786750793457,0.03236198653997773,0.0062014246207198545,0.1409599781036377,ok
alpha,4.0,2000,20,4.0,binomial,0.7,3875562183,0.04583291351241247,3.402288004328356e-05,0.0007393360137939453,-0.04560213598853454,0.0073277256857995675,0.013498306274414062,-0.013796089545677027,0.0028940192504065053,0.19928359985351562,ok
alpha,4.0,2000,20,4.0,binomial,0.7,2048140797,0.07235493539262638,0.0015020411563220516,0.0010046958923339844,0.028274271500721704,0.006861941996637351,0.015993833541870117,0.021213030141169056,0.008081664962078227,0.14651036262512207,ok
alpha,4.0,2000,20,4.0,binomial,0.7,2782622965,0.07537723321139746,0.0012769100297516315,0.0007581710815429688,0.047701776234422524,0.004020743749504014,0.023540258407592773,0.15705466259312867,0.0021108099227808135,0.2069101333618164,ok
alpha,4.0,2000,20,4.0,binomial,0.7,370243791,0.022564857311899878,0.00030398420055441236,0.0010311603546142578,-0.024894131904889562,0.004211248355689211,0.02605462074279785,0.108726407104401,0.004723319033479855,0.13501882553100586,ok
alpha,4.0,2000,20,4.0,binomial,0.7,913633422,0.07764176790449455,5.165167267711041e-07,0.0009944438934326172,0.05621353921501947,0.00042888495208145153,0.025590181350708008,0.06938378332068725,5.6840948023033155e-05,0.18969249725341797,ok
alpha,4.0,2000,20,4.0,binomial,0.7,66254125,0.09078893292384486,0.00041299092627499303,0.0010476112365722656,0.030196923705897275,0.0065471057234460376,0.012067079544067383,0.06541976137466211,0.002087699440738482,0.1423327922821045,ok
alpha,4.0,2000,20,4.0,binomial,0.7,3623886711,0.08468460738616161,1.8259415658477608e-06,0.0012438297271728516,-0.01581041013852337,0.00982948186961327,0.015201330184936523,0.08094768421664204,5.691321707968519e-06,0.20551633834838867,ok
alpha,4.0,2000,20,4.0,binomial,0.7,1954861691,0.06209255826287729,8.716114183001373e-05,0.0005087852478027344,0.03649760889043216,0.0012201721438408867,0.0077877044677734375,0.04767134540012734,0.0005644057885665799,0.1771833896636963,ok
alpha,4.0,2000,20,4.0,binomial,0.7,2977201051,0.06038161526335988,0.0005267813623635322,0.0004875659942626953,0.018216005795883457,0.00424026634561949,0.006417512893676758,0.10269537643123783,0.00037488871292512256,0.16826891899108887,ok
alpha,4.0,2000,20,4.0,binomial,0.7,1654726241,0.07780722817268775,7.817234321884688e-07,0.0010404586791992188,-0.011529986230402313,0.007823944381233378,0.025383949279785156,-0.0021507965725185052,0.006252677469597421,0.14334535598754883,ok
alpha,4.0,2000,20,4.0,binomial,0.7,2710776288,0.1423726568305177,2.347267099949744e-07,0.0010378360748291016,0.07852194247579408,0.004139018008108291,0.025486469268798828,0.12564768834954185,0.0002961653244491865,0.1759657859802246,ok
alpha,4.0,2000,20,4.0,binomial,0.7,2384443122,0.0624666456706865,0.00020898840455508904,0.0010409355163574219,-0.012893762383419289,0.008067064623008954,0.027207136154174805,-0.007229959776636804,0.0070817335857833565,0.13958024978637695,ok
alpha,4.0,2000,20,4.0,binomial,0.7,3562628228,0.05601532926250744,0.00043713391223804647,0.0009946823120117188,0.02749901973505396,0.0024427374289249593,0.025432348251342773,-0.044687433267503254,0.014789116188813192,0.20933747291564941,ok
alpha,4.0,2000,20,4.0,binomial,0.7,714782370,0.04984635900536252,0.0007331486531954733,0.0010342597961425781,0.02803286356458368,0.0023902529622389867,0.025911331176757812,0.04824415734779713,0.0008224804280053637,0.13734769821166992,ok
alpha,4.0,2000,20,4.0,binomial,0.7,3125658334,0.03453765871027765,2.9837172365406035e-05,0.0010259151458740234,-0.009083622325932737,0.002409201980634806,0.023650646209716797,0.021396092455190214,0.0003461053759358318,0.20768022537231445,ok
alpha,4.0,2000,20,4.0,binomial,0.7,2734987911,0.11678553269562535,0.0013734896400629762,0.0010514259338378906,0.06209861196125007,0.008417611441922112,0.025030136108398438,0.10779632533558502,0.002120586705852768,0.20969343185424805,ok
alpha,4.0,2000,20,4.0,binomial,0.7,2790424227,0.034659215174159805,2.8523982555925264e-05,0.0007722377777099609,-0.02239292703627518,0.0038928773441539635,0.015935659408569336,0.06094390605470767,0.000438647200828419,0.18245887756347656,ok
alpha,4.0,2000,20,4.0,binomial,0.7,3342860453,0.010911876349684307,0.0008461189374960572,0.0010433197021484375,-0.02824759735154677,0.0046577345442588595,0.01947188377380371,0.11746406430683091,0.00600068125893283,0.17867112159729004,ok
alpha,4.0,2000,20,4.0,binomial,0.7,3423353788,0.08827413084833459,0.00012884642521410864,0.0010139942169189453,0.017569596380999003,0.0035228356524588163,0.011611700057983398,0.04698755537045994,0.0008961354506271928,0.1659834384918213,ok
alpha,4.0,2000,20,4.0,binomial,0.7,3969224228,0.005714486407965351,3.265535490682201e-05,0.00047016143798828125,-0.03355111284902694,0.0011256771734081332,0.006794929504394531,-0.06927532774284768,0.004799071033878947,0.12132406234741211,ok
alpha,4.0,2000,20,4.0,binomial,0.7,2958095239,0.09211352361563842,0.00023074967071955402,0.000743865966796875,0.005306769982943806,0.0051288954197433526,0.011912822723388672,-0.022751453193379213,0.009935011953936309,0.16265344619750977,ok
alpha,4.0,2000,20,4.0,binomial,0.7,3562245828,0.11810223958694371,3.6014945853631284e-06,0.0004968643188476562,-0.0010363371927459646,0.014649794921036073,0.01576089859008789,-0.0004461776668019972,0.014507281714542804,0.1606903076171875,ok
alpha,4.0,2000,20,4.0,binomial,0.7,2771836536,0.18178885563661593,0.0010560458220594583,0.0010151863098144531,0.037946764913881804,0.03109542506556159,0.018619775772094727,0.13143231837274874,0.006864685214310563,0.15255308151245117,ok
alpha,4.0,2000,20,4.0,binomial,0.7,674724751,0.05174053493425594,0.0006341604210187293,0.0004985332489013672,0.031722310416000515,0.0020431092928272355,0.010578155517578125,0.05478094773271043,0.0004902738850828776,0.10997557640075684,ok
alpha,4.0,2000,20,4.0,binomial,0.7,517636502,0.11528766313318713,1.7443586793108697e-05,0.0006468296051025391,-0.008584501534512387,0.014327039686611103,0.022593975067138672,-0.0155634639257152,0.016046447960760494,0.18864917755126953,ok
alpha,4.0,2000,20,4.0,binomial,0.7,838089174,0.053966797189454394,0.0008623934450897307,0.0007421970367431641,0.053220699946898216,0.000906770689465829,0.01226806640625,0.11440912463362568,0.000965704804939344,0.2384178638458252,ok
alpha,4.0,2000,20,4.0,binomial,0.7,3333209928,0.0656681983535133,0.00206505831989463,0.0010066032409667969,0.009866332704509656,0.010250505154601798,0.02543473243713379,0.0759221168390383,0.0012382653178799614,0.15554428100585938,ok
alpha,4.0,2000,20,4.0,binomial,0.7,2154284034,0.06098387112424198,0.00025405828149761183,0.0007276535034179688,0.028026529665979228,0.0023908723336655835,0.0076863765716552734,0.06670356687848851,0.00010443838555144242,0.10223841667175293,ok
alpha,4.0,2000,20,4.0,binomial,0.7,2940166135,0.06066218424630644,0.0005139810009261868,0.0011343955993652344,-0.015670620619166305,0.009801782898228608,0.025992870330810547,0.0025532730563452583,0.006525418138353779,0.13085603713989258,ok
alpha,4.0,2000,20,4.0,binomial,0.7,1468509405,0.12216273389355631,0.0004282585623521687,0.000743865966796875,-0.004670797902137726,0.021764493304673782,0.0122222900390625,0.1775427176290636,0.0012030890972585088,0.19671249389648438,ok
